[{"model": "auth.permission", "pk": 1, "fields": {"name": "Can add log entry", "content_type": 1, "codename": "add_logentry"}}, {"model": "auth.permission", "pk": 2, "fields": {"name": "Can change log entry", "content_type": 1, "codename": "change_logentry"}}, {"model": "auth.permission", "pk": 3, "fields": {"name": "Can delete log entry", "content_type": 1, "codename": "delete_logentry"}}, {"model": "auth.permission", "pk": 4, "fields": {"name": "Can view log entry", "content_type": 1, "codename": "view_logentry"}}, {"model": "auth.permission", "pk": 5, "fields": {"name": "Can add permission", "content_type": 2, "codename": "add_permission"}}, {"model": "auth.permission", "pk": 6, "fields": {"name": "Can change permission", "content_type": 2, "codename": "change_permission"}}, {"model": "auth.permission", "pk": 7, "fields": {"name": "Can delete permission", "content_type": 2, "codename": "delete_permission"}}, {"model": "auth.permission", "pk": 8, "fields": {"name": "Can view permission", "content_type": 2, "codename": "view_permission"}}, {"model": "auth.permission", "pk": 9, "fields": {"name": "Can add group", "content_type": 3, "codename": "add_group"}}, {"model": "auth.permission", "pk": 10, "fields": {"name": "Can change group", "content_type": 3, "codename": "change_group"}}, {"model": "auth.permission", "pk": 11, "fields": {"name": "Can delete group", "content_type": 3, "codename": "delete_group"}}, {"model": "auth.permission", "pk": 12, "fields": {"name": "Can view group", "content_type": 3, "codename": "view_group"}}, {"model": "auth.permission", "pk": 13, "fields": {"name": "Can add content type", "content_type": 4, "codename": "add_contenttype"}}, {"model": "auth.permission", "pk": 14, "fields": {"name": "Can change content type", "content_type": 4, "codename": "change_contenttype"}}, {"model": "auth.permission", "pk": 15, "fields": {"name": "Can delete content type", "content_type": 4, "codename": "delete_contenttype"}}, {"model": "auth.permission", "pk": 16, "fields": {"name": "Can view content type", "content_type": 4, "codename": "view_contenttype"}}, {"model": "auth.permission", "pk": 17, "fields": {"name": "Can add session", "content_type": 5, "codename": "add_session"}}, {"model": "auth.permission", "pk": 18, "fields": {"name": "Can change session", "content_type": 5, "codename": "change_session"}}, {"model": "auth.permission", "pk": 19, "fields": {"name": "Can delete session", "content_type": 5, "codename": "delete_session"}}, {"model": "auth.permission", "pk": 20, "fields": {"name": "Can view session", "content_type": 5, "codename": "view_session"}}, {"model": "auth.permission", "pk": 21, "fields": {"name": "Can add product category", "content_type": 6, "codename": "add_productcategory"}}, {"model": "auth.permission", "pk": 22, "fields": {"name": "Can change product category", "content_type": 6, "codename": "change_productcategory"}}, {"model": "auth.permission", "pk": 23, "fields": {"name": "Can delete product category", "content_type": 6, "codename": "delete_productcategory"}}, {"model": "auth.permission", "pk": 24, "fields": {"name": "Can view product category", "content_type": 6, "codename": "view_productcategory"}}, {"model": "auth.permission", "pk": 25, "fields": {"name": "Can add product", "content_type": 7, "codename": "add_product"}}, {"model": "auth.permission", "pk": 26, "fields": {"name": "Can change product", "content_type": 7, "codename": "change_product"}}, {"model": "auth.permission", "pk": 27, "fields": {"name": "Can delete product", "content_type": 7, "codename": "delete_product"}}, {"model": "auth.permission", "pk": 28, "fields": {"name": "Can view product", "content_type": 7, "codename": "view_product"}}, {"model": "auth.permission", "pk": 29, "fields": {"name": "Can add user", "content_type": 8, "codename": "add_shopuser"}}, {"model": "auth.permission", "pk": 30, "fields": {"name": "Can change user", "content_type": 8, "codename": "change_shopuser"}}, {"model": "auth.permission", "pk": 31, "fields": {"name": "Can delete user", "content_type": 8, "codename": "delete_shopuser"}}, {"model": "auth.permission", "pk": 32, "fields": {"name": "Can view user", "content_type": 8, "codename": "view_shopuser"}}, {"model": "auth.permission", "pk": 33, "fields": {"name": "Can add shop user profile", "content_type": 9, "codename": "add_shopuserprofile"}}, {"model": "auth.permission", "pk": 34, "fields": {"name": "Can change shop user profile", "content_type": 9, "codename": "change_shopuserprofile"}}, {"model": "auth.permission", "pk": 35, "fields": {"name": "Can delete shop user profile", "content_type": 9, "codename": "delete_shopuserprofile"}}, {"model": "auth.permission", "pk": 36, "fields": {"name": "Can view shop user profile", "content_type": 9, "codename": "view_shopuserprofile"}}, {"model": "auth.permission", "pk": 37, "fields": {"name": "Can add basket", "content_type": 10, "codename": "add_basket"}}, {"model": "auth.permission", "pk": 38, "fields": {"name": "Can change basket", "content_type": 10, "codename": "change_basket"}}, {"model": "auth.permission", "pk": 39, "fields": {"name": "Can delete basket", "content_type": 10, "codename": "delete_basket"}}, {"model": "auth.permission", "pk": 40, "fields": {"name": "Can view basket", "content_type": 10, "codename": "view_basket"}}, {"model": "auth.permission", "pk": 41, "fields": {"name": "Can add \u0417\u0430\u043a\u0430\u0437", "content_type": 11, "codename": "add_order"}}, {"model": "auth.permission", "pk": 42, "fields": {"name": "Can change \u0417\u0430\u043a\u0430\u0437", "content_type": 11, "codename": "change_order"}}, {"model": "auth.permission", "pk": 43, "fields": {"name": "Can delete \u0417\u0430\u043a\u0430\u0437", "content_type": 11, "codename": "delete_order"}}, {"model": "auth.permission", "pk": 44, "fields": {"name": "Can view \u0417\u0430\u043a\u0430\u0437", "content_type": 11, "codename": "view_order"}}, {"model": "auth.permission", "pk": 45, "fields": {"name": "Can add order item", "content_type": 12, "codename": "add_orderitem"}}, {"model": "auth.permission", "pk": 46, "fields": {"name": "Can change order item", "content_type": 12, "codename": "change_orderitem"}}, {"model": "auth.permission", "pk": 47, "fields": {"name": "Can delete order item", "content_type": 12, "codename": "delete_orderitem"}}, {"model": "auth.permission", "pk": 48, "fields": {"name": "Can view order item", "content_type": 12, "codename": "view_orderitem"}}, {"model": "auth.permission", "pk": 49, "fields": {"name": "Can add association", "content_type": 13, "codename": "add_association"}}, {"model": "auth.permission", "pk": 50, "fields": {"name": "Can change association", "content_type": 13, "codename": "change_association"}}, {"model": "auth.permission", "pk": 51, "fields": {"name": "Can delete association", "content_type": 13, "codename": "delete_association"}}, {"model": "auth.permission", "pk": 52, "fields": {"name": "Can view association", "content_type": 13, "codename": "view_association"}}, {"model": "auth.permission", "pk": 53, "fields": {"name": "Can add code", "content_type": 14, "codename": "add_code"}}, {"model": "auth.permission", "pk": 54, "fields": {"name": "Can change code", "content_type": 14, "codename": "change_code"}}, {"model": "auth.permission", "pk": 55, "fields": {"name": "Can delete code", "content_type": 14, "codename": "delete_code"}}, {"model": "auth.permission", "pk": 56, "fields": {"name": "Can view code", "content_type": 14, "codename": "view_code"}}, {"model": "auth.permission", "pk": 57, "fields": {"name": "Can add nonce", "content_type": 15, "codename": "add_nonce"}}, {"model": "auth.permission", "pk": 58, "fields": {"name": "Can change nonce", "content_type": 15, "codename": "change_nonce"}}, {"model": "auth.permission", "pk": 59, "fields": {"name": "Can delete nonce", "content_type": 15, "codename": "delete_nonce"}}, {"model": "auth.permission", "pk": 60, "fields": {"name": "Can view nonce", "content_type": 15, "codename": "view_nonce"}}, {"model": "auth.permission", "pk": 61, "fields": {"name": "Can add user social auth", "content_type": 16, "codename": "add_usersocialauth"}}, {"model": "auth.permission", "pk": 62, "fields": {"name": "Can change user social auth", "content_type": 16, "codename": "change_usersocialauth"}}, {"model": "auth.permission", "pk": 63, "fields": {"name": "Can delete user social auth", "content_type": 16, "codename": "delete_usersocialauth"}}, {"model": "auth.permission", "pk": 64, "fields": {"name": "Can view user social auth", "content_type": 16, "codename": "view_usersocialauth"}}, {"model": "auth.permission", "pk": 65, "fields": {"name": "Can add partial", "content_type": 17, "codename": "add_partial"}}, {"model": "auth.permission", "pk": 66, "fields": {"name": "Can change partial", "content_type": 17, "codename": "change_partial"}}, {"model": "auth.permission", "pk": 67, "fields": {"name": "Can delete partial", "content_type": 17, "codename": "delete_partial"}}, {"model": "auth.permission", "pk": 68, "fields": {"name": "Can view partial", "content_type": 17, "codename": "view_partial"}}, {"model": "sessions.session", "pk": "ynggrw2wkd7ckaa6dfhcoc4i4d2n18qy", "fields": {"session_data": "ZTQwOWE3MmU1NWU4OTIzZmU4Y2ZhOTIzZWIxYzUxNWFmNjI2MTAyNDp7Im5leHQiOiIvIiwidmstb2F1dGgyX3N0YXRlIjoicklZOU1VeWIyZFQwMElVT1lKUFhXeWlxMFpVVG9ETVAiLCJfYXV0aF91c2VyX2lkIjoiMiIsIl9hdXRoX3VzZXJfYmFja2VuZCI6InNvY2lhbF9jb3JlLmJhY2tlbmRzLnZrLlZLT0F1dGgyIiwiX2F1dGhfdXNlcl9oYXNoIjoiYjc1NzdjMjczOGE3NmEyNzJkODRjZTYwYzFkMzAxMGEwZGM3ZDY0YSIsInNvY2lhbF9hdXRoX2xhc3RfbG9naW5fYmFja2VuZCI6InZrLW9hdXRoMiJ9", "expire_date": "2020-05-28T19:12:15.147Z"}}, {"model": "mainapp.productcategory", "pk": 1, "fields": {"name": "\u041e\u0441\u0432\u0435\u0449\u0435\u043d\u0438\u0435", "description": "\u041b\u0430\u043c\u043f\u044b \u0438 \u0441\u0432\u0435\u0442\u0438\u043b\u044c\u043d\u0438\u043a\u0438", "category_image": "category_images/product-1.jpg", "is_active": true}}, {"model": "mainapp.productcategory", "pk": 2, "fields": {"name": "\u0421\u0442\u0443\u043b\u044c\u044f", "description": "\u0421\u0442\u0443\u043b\u044c\u044f \u0438 \u0441\u0442\u043e\u043b\u044b", "category_image": "category_images/product-4.jpg", "is_active": true}}, {"model": "mainapp.productcategory", "pk": 3, "fields": {"name": "\u0411\u044b\u0442\u043e\u0432\u044b\u0435 \u043f\u0440\u0438\u0431\u043e\u0440\u044b", "description": "\u0411\u044b\u0442\u043e\u0432\u044b\u0435 \u043f\u0440\u0438\u0431\u043e\u0440\u044b \u0434\u043b\u044f \u0434\u043e\u043c\u0430", "category_image": "category_images/product-3.jpg", "is_active": true}}, {"model": "mainapp.productcategory", "pk": 4, "fields": {"name": "\u041c\u044f\u0433\u043a\u0430\u044f \u043c\u0435\u0431\u0435\u043b\u044c", "description": "\u041a\u0440\u0435\u0441\u043b\u0430 \u0438 \u0434\u0438\u0432\u0430\u043d\u044b", "category_image": "category_images/product-2.jpg", "is_active": true}}, {"model": "mainapp.product", "pk": 1, "fields": {"category": 2, "name": "\u0421\u0442\u0443\u043b \u0430\u0440\u0442.24681", "image": "products_images/slider1.jpg", "short_desc": "\u041e\u0442\u043b\u0438\u0447\u043d\u044b\u0439 \u0441\u0442\u0443\u043b \u043a\u0440\u0430\u0441\u043d\u043e\u0433\u043e \u0446\u0432\u0435\u0442\u0430", "description": "\u0420\u0430\u0441\u043f\u043e\u043b\u043e\u0436\u0438\u0442\u0435\u0441\u044c \u043a\u043e\u043c\u0444\u043e\u0440\u0442\u043d\u043e. \u041e\u0442\u043b\u0438\u0447\u043d\u043e\u0435 \u043a\u0430\u0447\u0435\u0441\u0442\u0432\u043e \u043c\u0430\u0442\u0435\u0440\u0438\u0430\u043b\u043e\u0432 \u043f\u043e\u0437\u0432\u043e\u043b\u0438\u0442 \u0432\u0430\u043c \u044d\u0442\u043e. \u0420\u0430\u0437\u043b\u0438\u0447\u043d\u044b\u0435 \u0446\u0432\u0435\u0442\u0430 \u0432\u044b\u0441\u043e\u0447\u0430\u0439\u0448\u0438\u0439 \u0443\u0440\u043e\u0432\u0435\u043d\u044c \u044d\u0440\u0433\u043e\u043d\u043e\u043c\u0438\u043a\u0438 \u0438 \u043f\u0440\u043e\u0447\u043d\u043e\u0441\u0442\u044c.", "price": "6564.90", "quantity": 62, "is_active": true}}, {"model": "mainapp.product", "pk": 2, "fields": {"category": 2, "name": "\u0421\u0442\u0443\u043b \u042f\u041d-\u0418\u041d\u0413\u0415", "image": "products_images/yan-inge-stul-belyy-00360907.jpg", "short_desc": "\u041e\u0442\u043b\u0438\u0447\u043d\u044b\u0439 \u0441\u0442\u0443\u043b \u0431\u0435\u043b\u043e\u0433\u043e \u0446\u0432\u0435\u0442\u0430", "description": "\u0420\u0430\u0441\u043f\u043e\u043b\u043e\u0436\u0438\u0442\u0435\u0441\u044c \u043a\u043e\u043c\u0444\u043e\u0440\u0442\u043d\u043e. \u041e\u0442\u043b\u0438\u0447\u043d\u043e\u0435 \u043a\u0430\u0447\u0435\u0441\u0442\u0432\u043e \u043c\u0430\u0442\u0435\u0440\u0438\u0430\u043b\u043e\u0432 \u043f\u043e\u0437\u0432\u043e\u043b\u0438\u0442 \u0432\u0430\u043c \u044d\u0442\u043e. \u0420\u0430\u0437\u043b\u0438\u0447\u043d\u044b\u0435 \u0446\u0432\u0435\u0442\u0430 \u0432\u044b\u0441\u043e\u0447\u0430\u0439\u0448\u0438\u0439 \u0443\u0440\u043e\u0432\u0435\u043d\u044c \u044d\u0440\u0433\u043e\u043d\u043e\u043c\u0438\u043a\u0438 \u0438 \u043f\u0440\u043e\u0447\u043d\u043e\u0441\u0442\u044c.", "price": "3999.00", "quantity": 64, "is_active": true}}, {"model": "mainapp.product", "pk": 3, "fields": {"category": 2, "name": "\u0421\u0442\u0443\u043b \u0412\u041e\u041b\u042c\u0424\u0413\u0410\u041d\u0413", "image": "products_images/volfgang-stul-hromirovannyy-gunnared-klassicheskiy-seryy-10404661.jpg", "short_desc": "\u0421\u0442\u0443\u043b, \u0445\u0440\u043e\u043c\u0438\u0440\u043e\u0432\u0430\u043d\u043d\u044b\u0439, \u0413\u0443\u043d\u043d\u0430\u0440\u0435\u0434 \u043a\u043b\u0430\u0441\u0441\u0438\u0447\u0435\u0441\u043a\u0438\u0439 \u0441\u0435\u0440\u044b\u0439", "description": "\u041c\u044f\u0433\u043a\u043e\u0435 \u0441\u0438\u0434\u0435\u043d\u044c\u0435 \u0438 \u0443\u0434\u043e\u0431\u043d\u0430\u044f \u0441\u043f\u0438\u043d\u043a\u0430 \u0441\u0442\u0443\u043b\u0430 \u0412\u041e\u041b\u042c\u0424\u0413\u0410\u041d\u0413 \u043e\u0431\u0435\u0441\u043f\u0435\u0447\u0430\u0442 \u043e\u043f\u0442\u0438\u043c\u0430\u043b\u044c\u043d\u044b\u0439 \u043a\u043e\u043c\u0444\u043e\u0440\u0442, \u0447\u0442\u043e\u0431\u044b \u043d\u0438\u0447\u0442\u043e \u043d\u0435 \u043c\u0435\u0448\u0430\u043b\u043e \u0432\u0430\u043c \u043d\u0430\u0441\u043b\u0430\u0436\u0434\u0430\u0442\u044c\u0441\u044f \u0443\u0436\u0438\u043d\u043e\u043c \u0441 \u0441\u0435\u043c\u044c\u0435\u0439 \u0438 \u0434\u0440\u0443\u0437\u044c\u044f\u043c\u0438.", "price": "4999.00", "quantity": 64, "is_active": true}}, {"model": "mainapp.product", "pk": 4, "fields": {"category": 2, "name": "\u0421\u0442\u0443\u043b \u0420\u0401\u041d\u041d\u0418\u041d\u0413\u0415", "image": "products_images/ryonninge-stul-zelenyy-00412893.jpg", "short_desc": "\u0421\u0442\u0443\u043b, \u0437\u0435\u043b\u0435\u043d\u044b\u0439", "description": "\u0421\u0442\u0443\u043b \u0441 \u0432\u044b\u0440\u0430\u0437\u0438\u0442\u0435\u043b\u044c\u043d\u043e\u0439 \u0444\u0430\u043a\u0442\u0443\u0440\u043e\u0439 \u0434\u0435\u0440\u0435\u0432\u0430 \u0438 \u043b\u0430\u043a\u043e\u043d\u0438\u0447\u043d\u044b\u043c \u0434\u0438\u0437\u0430\u0439\u043d\u043e\u043c \u0432 \u0441\u0442\u0438\u043b\u0435 50\u201460-\u0445 \u0433\u043e\u0434\u043e\u0432 \u043e\u0440\u0433\u0430\u043d\u0438\u0447\u043d\u043e \u0432\u043f\u0438\u0448\u0435\u0442\u0441\u044f \u0432 \u043b\u044e\u0431\u043e\u0439 \u0438\u043d\u0442\u0435\u0440\u044c\u0435\u0440.", "price": "5999.00", "quantity": 119, "is_active": true}}, {"model": "mainapp.product", "pk": 5, "fields": {"category": 2, "name": "\u0418\u041a\u0415\u0410 \u041f\u0421 2012", "image": "products_images/ikea-ps-2012-legkoe-kreslo-chernyy-90383221.jpg", "short_desc": "\u041b\u0435\u0433\u043a\u043e\u0435 \u043a\u0440\u0435\u0441\u043b\u043e, \u0447\u0435\u0440\u043d\u044b\u0439", "description": "\u0421\u0442\u0443\u043b \u0441 \u0432\u044b\u0440\u0430\u0437\u0438\u0442\u0435\u043b\u044c\u043d\u043e\u0439 \u0444\u0430\u043a\u0442\u0443\u0440\u043e\u0439 \u0434\u0435\u0440\u0435\u0432\u0430 \u0438 \u043b\u0430\u043a\u043e\u043d\u0438\u0447\u043d\u044b\u043c \u0434\u0438\u0437\u0430\u0439\u043d\u043e\u043c \u0432 \u0441\u0442\u0438\u043b\u0435 50\u201460-\u0445 \u0433\u043e\u0434\u043e\u0432 \u043e\u0440\u0433\u0430\u043d\u0438\u0447\u043d\u043e \u0432\u043f\u0438\u0448\u0435\u0442\u0441\u044f \u0432 \u043b\u044e\u0431\u043e\u0439 \u0438\u043d\u0442\u0435\u0440\u044c\u0435\u0440.", "price": "5299.00", "quantity": 123, "is_active": true}}, {"model": "mainapp.product", "pk": 6, "fields": {"category": 2, "name": "\u041a\u0423\u041b\u041b\u0410\u0411\u0415\u0420\u0413", "image": "products_images/kullaberg-rabochiy-stul-sosna-chernyy-20373032.jpg", "short_desc": "\u0420\u0430\u0431\u043e\u0447\u0438\u0439 \u0441\u0442\u0443\u043b, \u0441\u043e\u0441\u043d\u0430, \u0447\u0435\u0440\u043d\u044b\u0439", "description": "\u0421\u0442\u0443\u043b \u0441 \u0432\u044b\u0440\u0430\u0437\u0438\u0442\u0435\u043b\u044c\u043d\u043e\u0439 \u0444\u0430\u043a\u0442\u0443\u0440\u043e\u0439 \u0434\u0435\u0440\u0435\u0432\u0430 \u0438 \u043b\u0430\u043a\u043e\u043d\u0438\u0447\u043d\u044b\u043c \u0434\u0438\u0437\u0430\u0439\u043d\u043e\u043c \u0432 \u0441\u0442\u0438\u043b\u0435 50\u201460-\u0445 \u0433\u043e\u0434\u043e\u0432 \u043e\u0440\u0433\u0430\u043d\u0438\u0447\u043d\u043e \u0432\u043f\u0438\u0448\u0435\u0442\u0441\u044f \u0432 \u043b\u044e\u0431\u043e\u0439 \u0438\u043d\u0442\u0435\u0440\u044c\u0435\u0440.", "price": "4999.00", "quantity": 120, "is_active": true}}, {"model": "mainapp.product", "pk": 7, "fields": {"category": 2, "name": "\u0421\u0442\u0443\u043b \u0422\u041e\u0411\u0418\u0410\u0421", "image": "products_images/tobias-stul-prozrachnyy-hromirovannyy-90355874.jpg", "short_desc": "\u0421\u0442\u0443\u043b, \u043f\u0440\u043e\u0437\u0440\u0430\u0447\u043d\u044b\u0439, \u0445\u0440\u043e\u043c\u0438\u0440\u043e\u0432\u0430\u043d\u043d\u044b\u0439", "description": "\u0421\u0442\u0443\u043b \u0441 \u0432\u044b\u0440\u0430\u0437\u0438\u0442\u0435\u043b\u044c\u043d\u043e\u0439 \u0444\u0430\u043a\u0442\u0443\u0440\u043e\u0439 \u0434\u0435\u0440\u0435\u0432\u0430 \u0438 \u043b\u0430\u043a\u043e\u043d\u0438\u0447\u043d\u044b\u043c \u0434\u0438\u0437\u0430\u0439\u043d\u043e\u043c \u0432 \u0441\u0442\u0438\u043b\u0435 50\u201460-\u0445 \u0433\u043e\u0434\u043e\u0432 \u043e\u0440\u0433\u0430\u043d\u0438\u0447\u043d\u043e \u0432\u043f\u0438\u0448\u0435\u0442\u0441\u044f \u0432 \u043b\u044e\u0431\u043e\u0439 \u0438\u043d\u0442\u0435\u0440\u044c\u0435\u0440.", "price": "5999.00", "quantity": 123, "is_active": true}}, {"model": "mainapp.product", "pk": 8, "fields": {"category": 2, "name": "\u0421\u0442\u0443\u043b \u041b\u0415\u0419\u0424-\u0410\u0420\u041d\u0415", "image": "products_images/leyf-arne-stul-temno-zheltyy-brur-inge-hromirovannyy-s99304205.jpg", "short_desc": "\u0421\u0442\u0443\u043b, \u0442\u0435\u043c\u043d\u043e-\u0436\u0435\u043b\u0442\u044b\u0439, \u0411\u0440\u0443\u0440-\u0418\u043d\u0433\u0435 \u0445\u0440\u043e\u043c\u0438\u0440\u043e\u0432\u0430\u043d\u043d\u044b\u0439", "description": "\u0421\u0442\u0443\u043b \u0441 \u0432\u044b\u0440\u0430\u0437\u0438\u0442\u0435\u043b\u044c\u043d\u043e\u0439 \u0444\u0430\u043a\u0442\u0443\u0440\u043e\u0439 \u0434\u0435\u0440\u0435\u0432\u0430 \u0438 \u043b\u0430\u043a\u043e\u043d\u0438\u0447\u043d\u044b\u043c \u0434\u0438\u0437\u0430\u0439\u043d\u043e\u043c \u0432 \u0441\u0442\u0438\u043b\u0435 50\u201460-\u0445 \u0433\u043e\u0434\u043e\u0432 \u043e\u0440\u0433\u0430\u043d\u0438\u0447\u043d\u043e \u0432\u043f\u0438\u0448\u0435\u0442\u0441\u044f \u0432 \u043b\u044e\u0431\u043e\u0439 \u0438\u043d\u0442\u0435\u0440\u044c\u0435\u0440.", "price": "2499.00", "quantity": 123, "is_active": true}}, {"model": "mainapp.product", "pk": 9, "fields": {"category": 2, "name": "\u0421\u0442\u0443\u043b \u041e\u0414\u0413\u0415\u0420", "image": "products_images/odger-stul-belyy-bezhevyy-20359998.jpg", "short_desc": "\u0421\u0442\u0443\u043b, \u0431\u0435\u043b\u044b\u0439, \u0431\u0435\u0436\u0435\u0432\u044b\u0439", "description": "\u041f\u0440\u043e\u0441\u0442\u0430\u044f \u0441\u0431\u043e\u0440\u043a\u0430: \u0434\u043e\u0441\u0442\u0430\u0442\u043e\u0447\u043d\u043e \u0443\u0441\u0442\u0430\u043d\u043e\u0432\u0438\u0442\u044c \u044d\u043b\u0435\u043c\u0435\u043d\u0442\u044b \u0434\u043e \u0449\u0435\u043b\u0447\u043a\u0430, \u0438\u043d\u0441\u0442\u0440\u0443\u043c\u0435\u043d\u0442\u044b \u043d\u0435 \u0442\u0440\u0435\u0431\u0443\u044e\u0442\u0441\u044f. \u0411\u043b\u0430\u0433\u043e\u0434\u0430\u0440\u044f \u0441\u0438\u0434\u0435\u043d\u044c\u044e \u0438 \u0441\u043f\u0438\u043d\u043a\u0435 \u044d\u0440\u0433\u043e\u043d\u043e\u043c\u0438\u0447\u043d\u043e\u0439 \u0444\u043e\u0440\u043c\u044b \u0443\u0434\u043e\u0431\u043d\u043e \u0441\u0438\u0434\u0435\u0442\u044c. \u0421\u0434\u0435\u043b\u0430\u043d\u043e \u0438\u0437 \u043f\u0435\u0440\u0435\u0440\u0430\u0431\u043e\u0442\u0430\u043d\u043d\u043e\u0433\u043e \u043f\u043b\u0430\u0441\u0442\u0438\u043a\u0430 \u0438 \u0432\u043e\u0437\u043e\u0431\u043d\u043e\u0432\u043b\u044f\u0435\u043c\u043e\u0433\u043e \u043c\u0430\u0442\u0435\u0440\u0438\u0430\u043b\u0430 \u2014 \u0434\u0440\u0435\u0432\u0435\u0441\u0438\u043d\u044b.", "price": "5999.00", "quantity": 123, "is_active": true}}, {"model": "mainapp.product", "pk": 10, "fields": {"category": 2, "name": "\u0421\u0442\u0443\u043b \u0422\u0415\u041e\u0414\u041e\u0420\u0415\u0421", "image": "products_images/teodores-stul-belyy-10350941.jpg", "short_desc": "\u0421\u0442\u0443\u043b, \u0431\u0435\u043b\u044b\u0439", "description": "\u0421\u0442\u0443\u043b \u0441 \u0432\u044b\u0440\u0430\u0437\u0438\u0442\u0435\u043b\u044c\u043d\u043e\u0439 \u0444\u0430\u043a\u0442\u0443\u0440\u043e\u0439 \u0434\u0435\u0440\u0435\u0432\u0430 \u0438 \u043b\u0430\u043a\u043e\u043d\u0438\u0447\u043d\u044b\u043c \u0434\u0438\u0437\u0430\u0439\u043d\u043e\u043c \u0432 \u0441\u0442\u0438\u043b\u0435 50\u201460-\u0445 \u0433\u043e\u0434\u043e\u0432 \u043e\u0440\u0433\u0430\u043d\u0438\u0447\u043d\u043e \u0432\u043f\u0438\u0448\u0435\u0442\u0441\u044f \u0432 \u043b\u044e\u0431\u043e\u0439 \u0438\u043d\u0442\u0435\u0440\u044c\u0435\u0440.", "price": "2199.00", "quantity": 123, "is_active": true}}, {"model": "mainapp.product", "pk": 11, "fields": {"category": 2, "name": "\u0421\u0442\u0443\u043b \u041e\u0414\u0413\u0415\u0420", "image": "products_images/odger-rabochiy-stul-belyy-bezhevyy-50395264.jpg", "short_desc": "\u0420\u0430\u0431\u043e\u0447\u0438\u0439 \u0441\u0442\u0443\u043b, \u0431\u0435\u043b\u044b\u0439, \u0431\u0435\u0436\u0435\u0432\u044b\u0439", "description": "\u0421\u0442\u0443\u043b \u0441 \u0432\u044b\u0440\u0430\u0437\u0438\u0442\u0435\u043b\u044c\u043d\u043e\u0439 \u0444\u0430\u043a\u0442\u0443\u0440\u043e\u0439 \u0434\u0435\u0440\u0435\u0432\u0430 \u0438 \u043b\u0430\u043a\u043e\u043d\u0438\u0447\u043d\u044b\u043c \u0434\u0438\u0437\u0430\u0439\u043d\u043e\u043c \u0432 \u0441\u0442\u0438\u043b\u0435 50\u201460-\u0445 \u0433\u043e\u0434\u043e\u0432 \u043e\u0440\u0433\u0430\u043d\u0438\u0447\u043d\u043e \u0432\u043f\u0438\u0448\u0435\u0442\u0441\u044f \u0432 \u043b\u044e\u0431\u043e\u0439 \u0438\u043d\u0442\u0435\u0440\u044c\u0435\u0440.", "price": "7999.00", "quantity": 123, "is_active": true}}, {"model": "mainapp.product", "pk": 12, "fields": {"category": 1, "name": "\u041b\u0430\u043c\u043f\u0430 \u0430\u0440\u0442.803.935.60", "image": "products_images/slider2.jpg", "short_desc": "\u041b\u0430\u043c\u043f\u0430 \u0440\u0430\u0431\u043e\u0447\u0430\u044f", "description": "\u0420\u0430\u0431\u043e\u0447\u0430\u044f \u043b\u0430\u043c\u043f\u0430 \u0422\u0415\u0420\u0426\u0418\u0410\u041b \u043f\u043e\u044f\u0432\u0438\u043b\u0430\u0441\u044c \u0432 \u043d\u0430\u0448\u0435\u043c \u0430\u0441\u0441\u043e\u0440\u0442\u0438\u043c\u0435\u043d\u0442\u0435 \u0432 1998 \u0433\u043e\u0434\u0443. \u0412\u043e\u0442 \u0443\u0436\u0435 \u043c\u043d\u043e\u0433\u0438\u0435 \u0433\u043e\u0434\u0443 \u043f\u043e\u043a\u0443\u043f\u0430\u0442\u0435\u043b\u0438 \u043f\u043e \u0434\u043e\u0441\u0442\u043e\u0438\u043d\u0441\u0442\u0432\u0443 \u043e\u0446\u0435\u043d\u0438\u0432\u0430\u044e\u0442 \u0435\u0435 \u043a\u043b\u0430\u0441\u0441\u0438\u0447\u0435\u0441\u043a\u0438\u0439 \u0434\u0438\u0437\u0430\u0439\u043d, \u0440\u0435\u0433\u0443\u043b\u0438\u0440\u0443\u0435\u043c\u044b\u0435 \u0448\u0442\u0430\u0442\u0438\u0432 \u0438 \u043f\u043b\u0430\u0444\u043e\u043d", "price": "1264.90", "quantity": 123, "is_active": true}}, {"model": "mainapp.product", "pk": 13, "fields": {"category": 1, "name": "\u041b\u0430\u043c\u043f\u0430 \u0424\u041e\u0420\u0421\u041e", "image": "products_images/forso-lampa-rabochaya-nikelirovannyy-20360567.jpg", "short_desc": "\u041b\u0430\u043c\u043f\u0430 \u0440\u0430\u0431\u043e\u0447\u0430\u044f, \u043d\u0438\u043a\u0435\u043b\u0438\u0440\u043e\u0432\u0430\u043d\u043d\u044b\u0439", "description": "\u0421\u0442\u0430\u043b\u044c\u043d\u0430\u044f \u043b\u0430\u043c\u043f\u0430 \u0432 \u043a\u043b\u0430\u0441\u0441\u0438\u0447\u0435\u0441\u043a\u043e\u043c \u0441\u0442\u0438\u043b\u0435 \u0441\u0434\u0435\u043b\u0430\u0435\u0442 \u0432\u0430\u0448\u0443 \u0436\u0438\u0437\u043d\u044c \u044f\u0440\u0447\u0435. \u0428\u0442\u0430\u0442\u0438\u0432 \u0438 \u0430\u0431\u0430\u0436\u0443\u0440 \u0440\u0435\u0433\u0443\u043b\u0438\u0440\u0443\u044e\u0442\u0441\u044f, \u043f\u043e\u044d\u0442\u043e\u043c\u0443 \u043f\u0440\u0438 \u0441\u0432\u0435\u0442\u0435 \u0442\u0430\u043a\u043e\u0439 \u043b\u0430\u043c\u043f\u044b \u0443\u0434\u043e\u0431\u043d\u043e \u0447\u0438\u0442\u0430\u0442\u044c \u043d\u0435 \u0442\u043e\u043b\u044c\u043a\u043e \u0437\u0430 \u0441\u0442\u043e\u043b\u043e\u043c, \u043d\u043e \u0438 \u043d\u0430 \u0434\u0438\u0432\u0430\u043d\u0435 \u0438\u043b\u0438 \u043a\u0440\u043e\u0432\u0430\u0442\u0438.", "price": "1299.00", "quantity": 123, "is_active": true}}, {"model": "mainapp.product", "pk": 14, "fields": {"category": 1, "name": "\u041b\u0430\u043c\u043f\u0430 \u042e\u041f\u041f\u0415\u0420\u041b\u0418\u0413", "image": "products_images/yupperlig-nastolnaya-lampa-svetodiodnaya-svetlo-seryy-60347475.jpg", "short_desc": "\u041d\u0430\u0441\u0442\u043e\u043b\u044c\u043d\u0430\u044f \u043b\u0430\u043c\u043f\u0430, \u0441\u0432\u0435\u0442\u043e\u0434\u0438\u043e\u0434\u043d\u0430\u044f, \u0441\u0432\u0435\u0442\u043b\u043e-\u0441\u0435\u0440\u044b\u0439", "description": "\u0420\u0430\u0431\u043e\u0447\u0430\u044f \u043b\u0430\u043c\u043f\u0430 \u0422\u0415\u0420\u0426\u0418\u0410\u041b \u043f\u043e\u044f\u0432\u0438\u043b\u0430\u0441\u044c \u0432 \u043d\u0430\u0448\u0435\u043c \u0430\u0441\u0441\u043e\u0440\u0442\u0438\u043c\u0435\u043d\u0442\u0435 \u0432 1998 \u0433\u043e\u0434\u0443. \u0412\u043e\u0442 \u0443\u0436\u0435 \u043c\u043d\u043e\u0433\u0438\u0435 \u0433\u043e\u0434\u0443 \u043f\u043e\u043a\u0443\u043f\u0430\u0442\u0435\u043b\u0438 \u043f\u043e \u0434\u043e\u0441\u0442\u043e\u0438\u043d\u0441\u0442\u0432\u0443 \u043e\u0446\u0435\u043d\u0438\u0432\u0430\u044e\u0442 \u0435\u0435 \u043a\u043b\u0430\u0441\u0441\u0438\u0447\u0435\u0441\u043a\u0438\u0439 \u0434\u0438\u0437\u0430\u0439\u043d, \u0440\u0435\u0433\u0443\u043b\u0438\u0440\u0443\u0435\u043c\u044b\u0435 \u0448\u0442\u0430\u0442\u0438\u0432 \u0438 \u043f\u043b\u0430\u0444\u043e\u043d", "price": "2999.00", "quantity": 123, "is_active": true}}, {"model": "mainapp.product", "pk": 15, "fields": {"category": 1, "name": "\u041b\u0430\u043c\u043f\u0430 \u042f\u041d\u0428\u041e", "image": "products_images/yansho-rabochaya-lampa-svetodiodnaya-chernyy-30360595.jpg", "short_desc": "\u0420\u0430\u0431\u043e\u0447\u0430\u044f \u043b\u0430\u043c\u043f\u0430, \u0441\u0432\u0435\u0442\u043e\u0434\u0438\u043e\u0434\u043d\u0430\u044f, \u0447\u0435\u0440\u043d\u044b\u0439, 60 \u0441\u043c", "description": "\u041b\u0430\u043c\u043f\u0430 \u0441 \u0433\u0438\u0431\u043a\u0438\u043c \u0448\u0442\u0430\u0442\u0438\u0432\u043e\u043c \u043f\u043e\u0437\u0432\u043e\u043b\u044f\u0435\u0442 \u043d\u0430\u043f\u0440\u0430\u0432\u0438\u0442\u044c \u0441\u0432\u0435\u0442 \u0442\u043e\u0447\u043d\u043e \u043d\u0430 \u043d\u0443\u0436\u043d\u044b\u0439 \u0443\u0447\u0430\u0441\u0442\u043e\u043a. \u041e\u043d\u0430 \u043e\u0447\u0435\u043d\u044c \u0442\u043e\u043d\u043a\u0430\u044f \u0438 \u043b\u0435\u0433\u043a\u0430\u044f, \u0438 \u0435\u0435 \u0443\u0434\u043e\u0431\u043d\u043e \u043f\u0435\u0440\u0435\u043d\u043e\u0441\u0438\u0442\u044c \u0441 \u043c\u0435\u0441\u0442\u0430 \u043d\u0430 \u043c\u0435\u0441\u0442\u043e. \u0410 \u044d\u043d\u0435\u0440\u0433\u043e\u0441\u0431\u0435\u0440\u0435\u0433\u0430\u044e\u0449\u0438\u0439 \u0441\u0432\u0435\u0442\u043e\u0434\u0438\u043e\u0434 \u0431\u0443\u0434\u0435\u0442 \u0434\u0430\u0440\u0438\u0442\u044c \u0432\u0430\u043c \u0441\u0432\u0435\u0442 25000 \u0447\u0430\u0441\u043e\u0432.", "price": "899.00", "quantity": 123, "is_active": true}}, {"model": "mainapp.product", "pk": 16, "fields": {"category": 1, "name": "\u041b\u0430\u043c\u043f\u0430 \u041b\u0410\u0413\u0420\u0410", "image": "products_images/lagra-lampa-rabochaya-chernyy-20380155.jpg", "short_desc": "\u041b\u0430\u043c\u043f\u0430 \u0440\u0430\u0431\u043e\u0447\u0430\u044f, \u0447\u0435\u0440\u043d\u044b\u0439", "description": "\u041b\u0430\u043c\u043f\u043e\u0447\u043a\u0430 \u043f\u0440\u043e\u0434\u0430\u0435\u0442\u0441\u044f \u043e\u0442\u0434\u0435\u043b\u044c\u043d\u043e. \u0420\u0435\u043a\u043e\u043c\u0435\u043d\u0434\u0443\u0435\u0442\u0441\u044f \u0441\u0432\u0435\u0442\u043e\u0434\u0438\u043e\u0434 E14.", "price": "369.00", "quantity": 123, "is_active": true}}, {"model": "mainapp.product", "pk": 17, "fields": {"category": 1, "name": "\u041b\u0430\u043c\u043f\u0430 \u0425\u041e\u0420\u0422\u0415", "image": "products_images/horte-rabochaya-lampa-svetodiodnaya-belyy-serebristyy-60360594.jpg", "short_desc": "\u0420\u0430\u0431\u043e\u0447\u0430\u044f \u043b\u0430\u043c\u043f\u0430, \u0441\u0432\u0435\u0442\u043e\u0434\u0438\u043e\u0434\u043d\u0430\u044f, \u0431\u0435\u043b\u044b\u0439, \u0441\u0435\u0440\u0435\u0431\u0440\u0438\u0441\u0442\u044b\u0439", "description": "\u0420\u0430\u0431\u043e\u0447\u0430\u044f \u043b\u0430\u043c\u043f\u0430 \u0422\u0415\u0420\u0426\u0418\u0410\u041b \u043f\u043e\u044f\u0432\u0438\u043b\u0430\u0441\u044c \u0432 \u043d\u0430\u0448\u0435\u043c \u0430\u0441\u0441\u043e\u0440\u0442\u0438\u043c\u0435\u043d\u0442\u0435 \u0432 1998 \u0433\u043e\u0434\u0443. \u0412\u043e\u0442 \u0443\u0436\u0435 \u043c\u043d\u043e\u0433\u0438\u0435 \u0433\u043e\u0434\u0443 \u043f\u043e\u043a\u0443\u043f\u0430\u0442\u0435\u043b\u0438 \u043f\u043e \u0434\u043e\u0441\u0442\u043e\u0438\u043d\u0441\u0442\u0432\u0443 \u043e\u0446\u0435\u043d\u0438\u0432\u0430\u044e\u0442 \u0435\u0435 \u043a\u043b\u0430\u0441\u0441\u0438\u0447\u0435\u0441\u043a\u0438\u0439 \u0434\u0438\u0437\u0430\u0439\u043d, \u0440\u0435\u0433\u0443\u043b\u0438\u0440\u0443\u0435\u043c\u044b\u0435 \u0448\u0442\u0430\u0442\u0438\u0432 \u0438 \u043f\u043b\u0430\u0444\u043e\u043d", "price": "1299.00", "quantity": 123, "is_active": true}}, {"model": "mainapp.product", "pk": 18, "fields": {"category": 1, "name": "\u041b\u0430\u043c\u043f\u0430 \u0420\u0418\u0413\u0413\u0410\u0414", "image": "products_images/riggad-lampa-ustroyst-d-besprovod-zaryadki-belyy-90360644.jpg", "short_desc": "\u041b\u0430\u043c\u043f\u0430/\u0443\u0441\u0442\u0440\u043e\u0439\u0441\u0442\u0432\u043e \u0434\u043b\u044f \u0431\u0435\u0441\u043f\u0440\u043e\u0432\u043e\u0434\u043d\u043e\u0439 \u0437\u0430\u0440\u044f\u0434\u043a\u0438, \u0431\u0435\u043b\u044b\u0439", "description": "\u041c\u044b \u0441 \u0433\u043e\u0440\u0434\u043e\u0441\u0442\u044c\u044e \u043f\u0440\u0435\u0434\u0441\u0442\u0430\u0432\u043b\u044f\u0435\u043c \u0432\u0430\u043c \u0440\u0430\u0431\u043e\u0447\u0443\u044e \u043b\u0430\u043c\u043f\u0443, \u043a\u043e\u0442\u043e\u0440\u0430\u044f \u043d\u0435 \u0442\u043e\u043b\u044c\u043a\u043e \u0441\u0432\u0435\u0442\u0438\u0442, \u043d\u043e \u0438 \u0442\u0435\u043b\u0435\u0444\u043e\u043d \u0437\u0430\u0440\u044f\u0436\u0430\u0435\u0442. \u041f\u043e\u0431\u0435\u0434\u0438\u0442\u0435\u043b\u044c\u043d\u0438\u0446\u0430 \u043c\u0435\u0436\u0434\u0443\u043d\u0430\u0440\u043e\u0434\u043d\u043e\u0433\u043e \u043a\u043e\u043d\u043a\u0443\u0440\u0441\u0430 iF Design Award, \u043e\u043d\u0430 \u043f\u043e \u0434\u043e\u0441\u0442\u043e\u0438\u043d\u0441\u0442\u0432\u0443 \u043e\u0446\u0435\u043d\u0435\u043d\u0430 \u0437\u0430 \u0442\u0435\u0445\u043d\u043e\u043b\u043e\u0433\u0438\u0447\u043d\u044b\u0439 \u0434\u0438\u0437\u0430\u0439\u043d \u0441 \u0432\u044b\u0440\u0430\u0437\u0438\u0442\u0435\u043b\u044c\u043d\u044b\u043c\u0438 \u0434\u0435\u0442\u0430\u043b\u044f\u043c\u0438 \u0438\u0437 \u0431\u0435\u0440\u0435\u0437\u044b.", "price": "4999.00", "quantity": 123, "is_active": true}}, {"model": "mainapp.product", "pk": 19, "fields": {"category": 1, "name": "\u041b\u0430\u043c\u043f\u0430 \u0424\u041e\u0420\u0421\u041e", "image": "products_images/forso-lampa-rabochaya-belyy-60444424.jpg", "short_desc": "\u041b\u0430\u043c\u043f\u0430 \u0440\u0430\u0431\u043e\u0447\u0430\u044f, \u0431\u0435\u043b\u044b\u0439", "description": "\u0421\u0442\u0430\u043b\u044c\u043d\u0430\u044f \u043b\u0430\u043c\u043f\u0430 \u0432 \u043a\u043b\u0430\u0441\u0441\u0438\u0447\u0435\u0441\u043a\u043e\u043c \u0441\u0442\u0438\u043b\u0435 \u0441\u0434\u0435\u043b\u0430\u0435\u0442 \u0432\u0430\u0448\u0443 \u0436\u0438\u0437\u043d\u044c \u044f\u0440\u0447\u0435. \u0428\u0442\u0430\u0442\u0438\u0432 \u0438 \u0430\u0431\u0430\u0436\u0443\u0440 \u0440\u0435\u0433\u0443\u043b\u0438\u0440\u0443\u044e\u0442\u0441\u044f, \u043f\u043e\u044d\u0442\u043e\u043c\u0443 \u043f\u0440\u0438 \u0441\u0432\u0435\u0442\u0435 \u0442\u0430\u043a\u043e\u0439 \u043b\u0430\u043c\u043f\u044b \u0443\u0434\u043e\u0431\u043d\u043e \u0447\u0438\u0442\u0430\u0442\u044c \u043d\u0435 \u0442\u043e\u043b\u044c\u043a\u043e \u0437\u0430 \u0441\u0442\u043e\u043b\u043e\u043c, \u043d\u043e \u0438 \u043d\u0430 \u0434\u0438\u0432\u0430\u043d\u0435 \u0438\u043b\u0438 \u043a\u0440\u043e\u0432\u0430\u0442\u0438.", "price": "1599.00", "quantity": 123, "is_active": true}}, {"model": "mainapp.product", "pk": 20, "fields": {"category": 1, "name": "\u041b\u0430\u043c\u043f\u0430 \u0421\u0412\u0410\u041b\u041b\u0415\u0422", "image": "products_images/svallet-lampa-rabochaya-temno-seryy-belyy-60358497.jpg", "short_desc": "\u041b\u0430\u043c\u043f\u0430 \u0440\u0430\u0431\u043e\u0447\u0430\u044f, \u0442\u0435\u043c\u043d\u043e-\u0441\u0435\u0440\u044b\u0439, \u0431\u0435\u043b\u044b\u0439", "description": "\u042d\u0442\u0430 \u0440\u0430\u0431\u043e\u0447\u0430\u044f \u043b\u0430\u043c\u043f\u0430 \u0438\u0437 \u043f\u0435\u0440\u0435\u0440\u0430\u0431\u043e\u0442\u0430\u043d\u043d\u043e\u0433\u043e \u043f\u043b\u0430\u0441\u0442\u0438\u043a\u0430 \u0443\u0434\u043e\u0441\u0442\u043e\u0435\u043d\u0430 \u043f\u0440\u0435\u0441\u0442\u0438\u0436\u043d\u043e\u0439 \u043c\u0435\u0436\u0434\u0443\u043d\u0430\u0440\u043e\u0434\u043d\u043e\u0439 \u043d\u0430\u0433\u0440\u0430\u0434\u044b Red Dot Award \u0432 \u043e\u0431\u043b\u0430\u0441\u0442\u0438 \u0434\u0438\u0437\u0430\u0439\u043d\u0430. \u041e\u043d\u0430 \u043e\u0431\u0435\u0441\u043f\u0435\u0447\u0438\u0432\u0430\u0435\u0442 \u0444\u0443\u043d\u043a\u0446\u0438\u043e\u043d\u0430\u043b\u044c\u043d\u043e\u0435 \u043d\u0430\u043f\u0440\u0430\u0432\u043b\u0435\u043d\u043d\u043e\u0435 \u043e\u0441\u0432\u0435\u0449\u0435\u043d\u0438\u0435 \u0438 \u043f\u0440\u0435\u043a\u0440\u0430\u0441\u043d\u043e \u0432\u043f\u0438\u0448\u0435\u0442\u0441\u044f \u0432 \u043b\u044e\u0431\u043e\u0439 \u0438\u043d\u0442\u0435\u0440\u044c\u0435\u0440, \u0435\u0435 \u043b\u0435\u0433\u043a\u043e \u043f\u0435\u0440\u0435\u043d\u0435\u0441\u0442\u0438 \u043f\u0440\u0438 \u043d\u0435\u043e\u0431\u0445\u043e\u0434\u0438\u043c\u043e\u0441\u0442\u0438.", "price": "369.00", "quantity": 116, "is_active": true}}, {"model": "mainapp.product", "pk": 21, "fields": {"category": 3, "name": "\u0427\u0430\u0439\u043d\u0438\u043a \u0430\u0440\u0442.703.726.19", "image": "products_images/slider3.jpg", "short_desc": "\u0427\u0430\u0439\u043d\u0438\u043a \u0437\u0430\u0432\u0430\u0440\u043e\u0447\u043d\u044b\u0439", "description": "\u041a\u043e\u043d\u0435\u0447\u043d\u043e, \u0436\u0438\u0437\u043d\u044c \u0441\u043e\u0441\u0442\u043e\u0438\u0442 \u043d\u0435 \u0442\u043e\u043b\u044c\u043a\u043e \u0438\u0437 \u043f\u0440\u0430\u0437\u0434\u043d\u0438\u043a\u043e\u0432. \u041d\u043e \u043f\u043e\u0447\u0435\u043c\u0443 \u0431\u044b \u043d\u0435 \u043f\u043e\u0434\u0430\u0432\u0430\u0442\u044c \u0445\u043e\u0440\u043e\u0448\u0443\u044e \u0435\u0434\u0443 \u0438 \u043d\u0430\u043f\u0438\u0442\u043a\u0438 \u0432 \u043a\u0440\u0430\u0441\u0438\u0432\u043e\u0439 \u0441\u0442\u0438\u043b\u044c\u043d\u043e\u0439 \u043f\u043e\u0441\u0443\u0434\u0435 \u043a\u0430\u0436\u0434\u044b\u0439 \u0434\u0435\u043d\u044c? \u041d\u0430\u043f\u0440\u0438\u043c\u0435\u0440, \u0432 \u043f\u043e\u0441\u0443\u0434\u0435 \u044d\u0442\u043e\u0439 \u0441\u0435\u0440\u0438\u0438.", "price": "656.00", "quantity": 564, "is_active": true}}, {"model": "mainapp.product", "pk": 22, "fields": {"category": 3, "name": "\u0415\u041b\u041e\u041c\u041d\u0418\u041d\u0413", "image": "products_images/blomning-banka-dlya-kofe-chaya-70373204.jpg", "short_desc": "\u0411\u0430\u043d\u043a\u0430 \u0434\u043b\u044f \u043a\u043e\u0444\u0435/\u0447\u0430\u044f, 11x7x20 \u0441\u043c", "description": "\u041a\u043e\u043d\u0435\u0447\u043d\u043e, \u0436\u0438\u0437\u043d\u044c \u0441\u043e\u0441\u0442\u043e\u0438\u0442 \u043d\u0435 \u0442\u043e\u043b\u044c\u043a\u043e \u0438\u0437 \u043f\u0440\u0430\u0437\u0434\u043d\u0438\u043a\u043e\u0432. \u041d\u043e \u043f\u043e\u0447\u0435\u043c\u0443 \u0431\u044b \u043d\u0435 \u043f\u043e\u0434\u0430\u0432\u0430\u0442\u044c \u0445\u043e\u0440\u043e\u0448\u0443\u044e \u0435\u0434\u0443 \u0438 \u043d\u0430\u043f\u0438\u0442\u043a\u0438 \u0432 \u043a\u0440\u0430\u0441\u0438\u0432\u043e\u0439 \u0441\u0442\u0438\u043b\u044c\u043d\u043e\u0439 \u043f\u043e\u0441\u0443\u0434\u0435 \u043a\u0430\u0436\u0434\u044b\u0439 \u0434\u0435\u043d\u044c? \u041d\u0430\u043f\u0440\u0438\u043c\u0435\u0440, \u0432 \u043f\u043e\u0441\u0443\u0434\u0435 \u044d\u0442\u043e\u0439 \u0441\u0435\u0440\u0438\u0438.", "price": "329.00", "quantity": 564, "is_active": true}}, {"model": "mainapp.product", "pk": 23, "fields": {"category": 3, "name": "\u0422\u0420\u041e\u0414\u041b\u0401\u0421", "image": "products_images/trodlyos-lozhka-d-meda-i-mernaya-lozhka-d-chaya-latun-50360250.jpg", "short_desc": "\u041b\u043e\u0436\u043a\u0430 \u0434\u043b\u044f \u043c\u0435\u0434\u0430 \u0438 \u043c\u0435\u0440\u043d\u0430\u044f \u043b\u043e\u0436\u043a\u0430 \u0434\u043b\u044f \u0447\u0430\u044f, \u043b\u0430\u0442\u0443\u043d\u044c", "description": "\u041a\u043e\u043d\u0435\u0447\u043d\u043e, \u0436\u0438\u0437\u043d\u044c \u0441\u043e\u0441\u0442\u043e\u0438\u0442 \u043d\u0435 \u0442\u043e\u043b\u044c\u043a\u043e \u0438\u0437 \u043f\u0440\u0430\u0437\u0434\u043d\u0438\u043a\u043e\u0432. \u041d\u043e \u043f\u043e\u0447\u0435\u043c\u0443 \u0431\u044b \u043d\u0435 \u043f\u043e\u0434\u0430\u0432\u0430\u0442\u044c \u0445\u043e\u0440\u043e\u0448\u0443\u044e \u0435\u0434\u0443 \u0438 \u043d\u0430\u043f\u0438\u0442\u043a\u0438 \u0432 \u043a\u0440\u0430\u0441\u0438\u0432\u043e\u0439 \u0441\u0442\u0438\u043b\u044c\u043d\u043e\u0439 \u043f\u043e\u0441\u0443\u0434\u0435 \u043a\u0430\u0436\u0434\u044b\u0439 \u0434\u0435\u043d\u044c? \u041d\u0430\u043f\u0440\u0438\u043c\u0435\u0440, \u0432 \u043f\u043e\u0441\u0443\u0434\u0435 \u044d\u0442\u043e\u0439 \u0441\u0435\u0440\u0438\u0438.", "price": "199.00", "quantity": 564, "is_active": true}}, {"model": "mainapp.product", "pk": 24, "fields": {"category": 3, "name": "\u0418\u0414\u0415\u0410\u041b\u0418\u0421\u041a", "image": "products_images/idealisk-sitechko-nerzhaveyushch-stal-40378241.jpg", "short_desc": "\u0421\u0438\u0442\u0435\u0447\u043a\u043e, \u043d\u0435\u0440\u0436\u0430\u0432\u0435\u044e\u0449 \u0441\u0442\u0430\u043b\u044c", "description": "\u0421\u0438\u0442\u0435\u0447\u043a\u043e, \u043d\u0435\u0440\u0436\u0430\u0432\u0435\u044e\u0449 \u0441\u0442\u0430\u043b\u044c. \u0418\u0434\u0435\u0430\u043b\u044c\u043d\u043e \u043f\u043e\u0434\u0445\u043e\u0434\u0438\u0442 \u043a \u0447\u0430\u0439\u043d\u044b\u043c \u043d\u0430\u0431\u043e\u0440\u0430\u043c", "price": "59.00", "quantity": 24, "is_active": true}}, {"model": "mainapp.product", "pk": 25, "fields": {"category": 3, "name": "\u0412\u0410\u0420\u0414\u0410\u0413\u0415\u041d", "image": "products_images/vardagen-molochnik-slivochnik-belyy-s-ottenkom-60381025.jpg", "short_desc": "\u041c\u043e\u043b\u043e\u0447\u043d\u0438\u043a/\u0441\u043b\u0438\u0432\u043e\u0447\u043d\u0438\u043a, \u0431\u0435\u043b\u044b\u0439 \u0441 \u043e\u0442\u0442\u0435\u043d\u043a\u043e\u043c, 39 \u0441\u043b", "description": "\u041a\u043e\u043d\u0435\u0447\u043d\u043e, \u0436\u0438\u0437\u043d\u044c \u0441\u043e\u0441\u0442\u043e\u0438\u0442 \u043d\u0435 \u0442\u043e\u043b\u044c\u043a\u043e \u0438\u0437 \u043f\u0440\u0430\u0437\u0434\u043d\u0438\u043a\u043e\u0432. \u041d\u043e \u043f\u043e\u0447\u0435\u043c\u0443 \u0431\u044b \u043d\u0435 \u043f\u043e\u0434\u0430\u0432\u0430\u0442\u044c \u0445\u043e\u0440\u043e\u0448\u0443\u044e \u0435\u0434\u0443 \u0438 \u043d\u0430\u043f\u0438\u0442\u043a\u0438 \u0432 \u043a\u0440\u0430\u0441\u0438\u0432\u043e\u0439 \u0441\u0442\u0438\u043b\u044c\u043d\u043e\u0439 \u043f\u043e\u0441\u0443\u0434\u0435 \u043a\u0430\u0436\u0434\u044b\u0439 \u0434\u0435\u043d\u044c?", "price": "299.00", "quantity": 24, "is_active": true}}, {"model": "mainapp.product", "pk": 26, "fields": {"category": 3, "name": "\u0423\u041f\u0425\u0415\u0422\u0422\u0410", "image": "products_images/uphetta-kofe-press-zavarochnyy-chaynik-steklo-nerzhaveyushch-stal-90372185.jpg", "short_desc": "\u041a\u043e\u0444\u0435-\u043f\u0440\u0435\u0441\u0441/\u0437\u0430\u0432\u0430\u0440\u043e\u0447\u043d\u044b\u0439 \u0447\u0430\u0439\u043d\u0438\u043a, \u0441\u0442\u0435\u043a\u043b\u043e, \u043d\u0435\u0440\u0436\u0430\u0432\u0435\u044e\u0449 \u0441\u0442\u0430\u043b\u044c, 1 \u043b", "description": "\u041a\u043e\u0444\u0435-\u043f\u0440\u0435\u0441\u0441/\u0437\u0430\u0432\u0430\u0440\u043e\u0447\u043d\u044b\u0439 \u0447\u0430\u0439\u043d\u0438\u043a, \u0441\u0442\u0435\u043a\u043b\u043e, \u043d\u0435\u0440\u0436\u0430\u0432\u0435\u044e\u0449 \u0441\u0442\u0430\u043b\u044c, 1 \u043b", "price": "599.00", "quantity": 24, "is_active": true}}, {"model": "mainapp.product", "pk": 27, "fields": {"category": 3, "name": "\u0420\u0418\u041a\u041b\u0418\u0413", "image": "products_images/riklig-chaynik-zavarochnyy-steklo-20372179.jpg", "short_desc": "\u0427\u0430\u0439\u043d\u0438\u043a \u0437\u0430\u0432\u0430\u0440\u043e\u0447\u043d\u044b\u0439, \u0441\u0442\u0435\u043a\u043b\u043e, 1.5 \u043b", "description": "\u0427\u0430\u0439\u043d\u0438\u043a \u0437\u0430\u0432\u0430\u0440\u043e\u0447\u043d\u044b\u0439, \u0441\u0442\u0435\u043a\u043b\u043e, 1.5 \u043b", "price": "549.00", "quantity": 24, "is_active": true}}, {"model": "mainapp.product", "pk": 28, "fields": {"category": 3, "name": "\u0420\u0418\u041a\u041b\u0418\u0413", "image": "products_images/riklig-chaynik-zavarochnyy-steklo-40381093.jpg", "short_desc": "\u0427\u0430\u0439\u043d\u0438\u043a \u0437\u0430\u0432\u0430\u0440\u043e\u0447\u043d\u044b\u0439, \u0441\u0442\u0435\u043a\u043b\u043e, 0.6 \u043b", "description": "\u0427\u0430\u0439\u043d\u0438\u043a \u0437\u0430\u0432\u0430\u0440\u043e\u0447\u043d\u044b\u0439, \u0441\u0442\u0435\u043a\u043b\u043e, 0.6 \u043b", "price": "59.00", "quantity": 24, "is_active": true}}, {"model": "mainapp.product", "pk": 29, "fields": {"category": 3, "name": "\u0411\u041b\u041e\u041c\u041d\u0418\u041d\u0413", "image": "products_images/blomning-banka-dlya-kofe-chaya-90373203.jpg", "short_desc": "\u0411\u0430\u043d\u043a\u0430 \u0434\u043b\u044f \u043a\u043e\u0444\u0435/\u0447\u0430\u044f, 10x10x10 \u0441\u043c", "description": "\u0421\u0438\u0442\u0435\u0447\u043a\u043e, \u043d\u0435\u0440\u0436\u0430\u0432\u0435\u044e\u0449 \u0441\u0442\u0430\u043b\u044c. \u0418\u0434\u0435\u0430\u043b\u044c\u043d\u043e \u043f\u043e\u0434\u0445\u043e\u0434\u0438\u0442 \u043a \u0447\u0430\u0439\u043d\u044b\u043c \u043d\u0430\u0431\u043e\u0440\u0430\u043c", "price": "59.00", "quantity": 24, "is_active": true}}, {"model": "mainapp.product", "pk": 30, "fields": {"category": 3, "name": "\u042d\u0413\u0415\u041d\u0422\u041b\u0418\u0413", "image": "products_images/egentlig-kofe-press-zavarochnyy-chaynik-dvusloynye-stenki-prozrachnoe-steklo-70358977.jpg", "short_desc": "\u041a\u043e\u0444\u0435-\u043f\u0440\u0435\u0441\u0441/\u0437\u0430\u0432\u0430\u0440\u043e\u0447\u043d\u044b\u0439 \u0447\u0430\u0439\u043d\u0438\u043a, \u0434\u0432\u0443\u0441\u043b\u043e\u0439\u043d\u044b\u0435 \u0441\u0442\u0435\u043d\u043a\u0438, \u043f\u0440\u043e\u0437\u0440\u0430\u0447\u043d\u043e\u0435 \u0441\u0442\u0435\u043a\u043b\u043e, 0.9 \u043b", "description": "\u041a\u043e\u0444\u0435-\u043f\u0440\u0435\u0441\u0441/\u0437\u0430\u0432\u0430\u0440\u043e\u0447\u043d\u044b\u0439 \u0447\u0430\u0439\u043d\u0438\u043a, \u0434\u0432\u0443\u0441\u043b\u043e\u0439\u043d\u044b\u0435 \u0441\u0442\u0435\u043d\u043a\u0438, \u043f\u0440\u043e\u0437\u0440\u0430\u0447\u043d\u043e\u0435 \u0441\u0442\u0435\u043a\u043b\u043e, 0.9 \u043b", "price": "1499.00", "quantity": 24, "is_active": true}}, {"model": "mainapp.product", "pk": 31, "fields": {"category": 4, "name": "\u0411\u0420\u0418\u0421\u0421\u0423\u041d\u0414", "image": "products_images/brissund-3-mestnyy-divan-krovat-rudorna-temno-seryy-20447288.jpg", "short_desc": "3-\u043c\u0435\u0441\u0442\u043d\u044b\u0439 \u0434\u0438\u0432\u0430\u043d-\u043a\u0440\u043e\u0432\u0430\u0442\u044c, \u0420\u0443\u0434\u043e\u0440\u043d\u0430 \u0442\u0435\u043c\u043d\u043e-\u0441\u0435\u0440\u044b\u0439", "description": "\u041f\u043e\u0441\u043b\u0435 \u043a\u043e\u043c\u0444\u043e\u0440\u0442\u043d\u043e\u0433\u043e \u043d\u043e\u0447\u043d\u043e\u0433\u043e \u0441\u043d\u0430 \u0432\u0430\u0448\u0430 \u0441\u043f\u0430\u043b\u044c\u043d\u044f \u0438\u043b\u0438 \u043a\u043e\u043c\u043d\u0430\u0442\u0430 \u0434\u043b\u044f \u0433\u043e\u0441\u0442\u0435\u0439 \u043c\u043e\u0436\u0435\u0442 \u043b\u0435\u0433\u043a\u043e \u043f\u0440\u0435\u0432\u0440\u0430\u0442\u0438\u0442\u044c\u0441\u044f \u0432 \u0433\u043e\u0441\u0442\u0438\u043d\u0443\u044e. \u0412 \u043e\u0442\u0434\u0435\u043b\u0435\u043d\u0438\u0438 \u0434\u043b\u044f \u0445\u0440\u0430\u043d\u0435\u043d\u0438\u044f \u044d\u0442\u043e\u0433\u043e \u0434\u0438\u0432\u0430\u043d\u0430 \u0434\u043e\u0441\u0442\u0430\u0442\u043e\u0447\u043d\u043e \u043c\u0435\u0441\u0442\u0430, \u0447\u0442\u043e\u0431\u044b \u0443\u0431\u0440\u0430\u0442\u044c \u043f\u043e\u0441\u0442\u0435\u043b\u044c\u043d\u044b\u0435 \u043f\u0440\u0438\u043d\u0430\u0434\u043b\u0435\u0436\u043d\u043e\u0441\u0442\u0438 \u0438 \u043f\u0438\u0436\u0430\u043c\u044b.", "price": "17999.00", "quantity": 24, "is_active": true}}, {"model": "mainapp.product", "pk": 32, "fields": {"category": 4, "name": "\u041a\u0440\u0435\u0441\u043b\u043e \u0430\u0440\u0442.904.241.27", "image": "products_images/slider4.jpg", "short_desc": "\u0413\u0443\u043d\u043d\u0430\u0440\u0435\u0434 \u0442\u0435\u043c\u043d\u043e-\u0441\u0435\u0440\u044b\u0439", "description": "\u0411\u043b\u0430\u0433\u043e\u0434\u0430\u0440\u044f \u044d\u043b\u0435\u0433\u0430\u043d\u0442\u043e\u043c\u0443 \u0434\u0438\u0437\u0430\u0439\u043d\u0443 \u043a\u0440\u0435\u0441\u043b\u043e \u0433\u0430\u0440\u043c\u043e\u043d\u0438\u0447\u043d\u043e \u0432\u043f\u0438\u0448\u0435\u0442\u0441\u044f \u0432 \u043b\u044e\u0431\u043e\u0439 \u0438\u043d\u0442\u0435\u0440\u044c\u0435\u0440.", "price": "16564.00", "quantity": 24, "is_active": true}}, {"model": "mainapp.product", "pk": 33, "fields": {"category": 4, "name": "\u0413\u0420\u042d\u041b\u041b\u042c\u0421\u0422\u0410", "image": "products_images/grellsta-2-mestnyy-divan-krovat-sandsbru-oranzhevyy-40448442.jpg", "short_desc": "2-\u043c\u0435\u0441\u0442\u043d\u044b\u0439 \u0434\u0438\u0432\u0430\u043d-\u043a\u0440\u043e\u0432\u0430\u0442\u044c, \u0421\u0430\u043d\u0434\u0441\u0431\u0440\u0443 \u043e\u0440\u0430\u043d\u0436\u0435\u0432\u044b\u0439", "description": "\u0411\u043b\u0430\u0433\u043e\u0434\u0430\u0440\u044f \u044d\u043b\u0435\u0433\u0430\u043d\u0442\u043e\u043c\u0443 \u0434\u0438\u0437\u0430\u0439\u043d\u0443 \u043a\u0440\u0435\u0441\u043b\u043e \u0433\u0430\u0440\u043c\u043e\u043d\u0438\u0447\u043d\u043e \u0432\u043f\u0438\u0448\u0435\u0442\u0441\u044f \u0432 \u043b\u044e\u0431\u043e\u0439 \u0438\u043d\u0442\u0435\u0440\u044c\u0435\u0440.", "price": "16564.00", "quantity": 24, "is_active": true}}, {"model": "mainapp.product", "pk": 34, "fields": {"category": 4, "name": "\u0421\u0412\u042d\u041d\u0421\u0422\u0410", "image": "products_images/svensta-2-mestnyy-divan-krovat-chernyy-20446161.jpg", "short_desc": "2-\u043c\u0435\u0441\u0442\u043d\u044b\u0439 \u0434\u0438\u0432\u0430\u043d-\u043a\u0440\u043e\u0432\u0430\u0442\u044c, \u0447\u0435\u0440\u043d\u044b\u0439", "description": "\u041f\u043e\u0441\u043b\u0435 \u043a\u043e\u043c\u0444\u043e\u0440\u0442\u043d\u043e\u0433\u043e \u043d\u043e\u0447\u043d\u043e\u0433\u043e \u0441\u043d\u0430 \u0432\u0430\u0448\u0430 \u0441\u043f\u0430\u043b\u044c\u043d\u044f \u0438\u043b\u0438 \u043a\u043e\u043c\u043d\u0430\u0442\u0430 \u0434\u043b\u044f \u0433\u043e\u0441\u0442\u0435\u0439 \u043c\u043e\u0436\u0435\u0442 \u043b\u0435\u0433\u043a\u043e \u043f\u0440\u0435\u0432\u0440\u0430\u0442\u0438\u0442\u044c\u0441\u044f \u0432 \u0433\u043e\u0441\u0442\u0438\u043d\u0443\u044e. \u0412 \u043e\u0442\u0434\u0435\u043b\u0435\u043d\u0438\u0438 \u0434\u043b\u044f \u0445\u0440\u0430\u043d\u0435\u043d\u0438\u044f \u044d\u0442\u043e\u0433\u043e \u0434\u0438\u0432\u0430\u043d\u0430 \u0434\u043e\u0441\u0442\u0430\u0442\u043e\u0447\u043d\u043e \u043c\u0435\u0441\u0442\u0430, \u0447\u0442\u043e\u0431\u044b \u0443\u0431\u0440\u0430\u0442\u044c \u043f\u043e\u0441\u0442\u0435\u043b\u044c\u043d\u044b\u0435 \u043f\u0440\u0438\u043d\u0430\u0434\u043b\u0435\u0436\u043d\u043e\u0441\u0442\u0438 \u0438 \u043f\u0438\u0436\u0430\u043c\u044b.", "price": "4999.00", "quantity": 24, "is_active": true}}, {"model": "mainapp.product", "pk": 35, "fields": {"category": 4, "name": "\u0410\u0413\u0415\u041d", "image": "products_images/agen-kreslo-rotang-bambuk-90388313.jpg", "short_desc": "\u041a\u0440\u0435\u0441\u043b\u043e, \u0440\u043e\u0442\u0430\u043d\u0433, \u0431\u0430\u043c\u0431\u0443\u043a", "description": "\u0411\u043b\u0430\u0433\u043e\u0434\u0430\u0440\u044f \u044d\u043b\u0435\u0433\u0430\u043d\u0442\u043e\u043c\u0443 \u0434\u0438\u0437\u0430\u0439\u043d\u0443 \u043a\u0440\u0435\u0441\u043b\u043e \u0433\u0430\u0440\u043c\u043e\u043d\u0438\u0447\u043d\u043e \u0432\u043f\u0438\u0448\u0435\u0442\u0441\u044f \u0432 \u043b\u044e\u0431\u043e\u0439 \u0438\u043d\u0442\u0435\u0440\u044c\u0435\u0440.", "price": "3999.00", "quantity": 24, "is_active": true}}, {"model": "mainapp.product", "pk": 36, "fields": {"category": 4, "name": "\u0424\u0410\u041d\u0411\u042e\u041d", "image": "products_images/fanbyun-legkoe-kreslo-belyy-s09275306.jpg", "short_desc": "\u041b\u0435\u0433\u043a\u043e\u0435 \u043a\u0440\u0435\u0441\u043b\u043e, \u0431\u0435\u043b\u044b\u0439", "description": "\u0411\u043b\u0430\u0433\u043e\u0434\u0430\u0440\u044f \u044d\u043b\u0435\u0433\u0430\u043d\u0442\u043e\u043c\u0443 \u0434\u0438\u0437\u0430\u0439\u043d\u0443 \u043a\u0440\u0435\u0441\u043b\u043e \u0433\u0430\u0440\u043c\u043e\u043d\u0438\u0447\u043d\u043e \u0432\u043f\u0438\u0448\u0435\u0442\u0441\u044f \u0432 \u043b\u044e\u0431\u043e\u0439 \u0438\u043d\u0442\u0435\u0440\u044c\u0435\u0440.", "price": "4999.00", "quantity": 24, "is_active": true}}, {"model": "mainapp.product", "pk": 37, "fields": {"category": 4, "name": "\u0412\u0410\u0422\u0422\u0412\u0418\u041a\u0415\u041d", "image": "products_images/vattviken-kreslo-krovat-lerhaga-svetlo-seryy-80450796.jpg", "short_desc": "\u041a\u0440\u0435\u0441\u043b\u043e-\u043a\u0440\u043e\u0432\u0430\u0442\u044c, \u043b\u0435\u0440\u0445\u0430\u0433\u0430 \u0441\u0432\u0435\u0442\u043b\u043e-\u0441\u0435\u0440\u044b\u0439", "description": "\u0411\u043b\u0430\u0433\u043e\u0434\u0430\u0440\u044f \u044d\u043b\u0435\u0433\u0430\u043d\u0442\u043e\u043c\u0443 \u0434\u0438\u0437\u0430\u0439\u043d\u0443 \u043a\u0440\u0435\u0441\u043b\u043e \u0433\u0430\u0440\u043c\u043e\u043d\u0438\u0447\u043d\u043e \u0432\u043f\u0438\u0448\u0435\u0442\u0441\u044f \u0432 \u043b\u044e\u0431\u043e\u0439 \u0438\u043d\u0442\u0435\u0440\u044c\u0435\u0440.", "price": "14999.00", "quantity": 24, "is_active": true}}, {"model": "mainapp.product", "pk": 38, "fields": {"category": 4, "name": "\u0418\u041a\u0415\u0410 \u041f\u0421 \u041b\u0401\u041c\u0421\u041a", "image": "products_images/ikea-ps-lyomsk-vrashchayushcheesya-kreslo-belyy-krasnyy-70407138.jpg", "short_desc": "\u0412\u0440\u0430\u0449\u0430\u044e\u0449\u0435\u0435\u0441\u044f \u043a\u0440\u0435\u0441\u043b\u043e, \u0431\u0435\u043b\u044b\u0439, \u043a\u0440\u0430\u0441\u043d\u044b\u0439", "description": "\u041a\u0430\u043a \u043d\u0430 \u043a\u0430\u0440\u0443\u0441\u0435\u043b\u0438! \u0420\u0435\u0431\u0435\u043d\u043e\u043a \u0441\u0430\u043c \u0437\u0430\u0434\u0430\u0435\u0442 \u0442\u0435\u043c\u043f \u0432\u0440\u0430\u0449\u0435\u043d\u0438\u044f: \u043c\u0435\u0434\u043b\u0435\u043d\u043d\u043e\u0435 \u043f\u043e\u043c\u043e\u0433\u0430\u0435\u0442 \u0440\u0430\u0441\u0441\u043b\u0430\u0431\u0438\u0442\u044c\u0441\u044f, \u0430 \u0431\u044b\u0441\u0442\u0440\u043e\u0435 \u0440\u0430\u0437\u0432\u0438\u0432\u0430\u0435\u0442 \u0447\u0443\u0432\u0441\u0442\u0432\u043e \u0440\u0430\u0432\u043d\u043e\u0432\u0435\u0441\u0438\u044f. \u0410 \u0435\u0441\u043b\u0438 \u043e\u043f\u0443\u0441\u0442\u0438\u0442\u044c \u0442\u0435\u043d\u0442, \u0442\u043e \u043f\u043e\u043b\u0443\u0447\u0438\u0442\u0441\u044f \u0443\u043a\u0440\u043e\u043c\u043d\u043e\u0435 \u043c\u0435\u0441\u0442\u043e, \u0433\u0434\u0435 \u043c\u043e\u0436\u043d\u043e \u0441\u043f\u0440\u044f\u0442\u0430\u0442\u044c\u0441\u044f.", "price": "5999.00", "quantity": 24, "is_active": true}}, {"model": "mainapp.product", "pk": 39, "fields": {"category": 4, "name": "\u041f\u041e\u042d\u041d\u0413", "image": "products_images/poeng-kreslo-berezovyy-shpon-shiftebu-bezhevyy-s99302796.jpg", "short_desc": "\u041a\u0440\u0435\u0441\u043b\u043e, \u0431\u0435\u0440\u0435\u0437\u043e\u0432\u044b\u0439 \u0448\u043f\u043e\u043d, \u0428\u0438\u0444\u0442\u0435\u0431\u0443 \u0431\u0435\u0436\u0435\u0432\u044b\u0439", "description": "\u0411\u043b\u0430\u0433\u043e\u0434\u0430\u0440\u044f \u044d\u043b\u0435\u0433\u0430\u043d\u0442\u043e\u043c\u0443 \u0434\u0438\u0437\u0430\u0439\u043d\u0443 \u043a\u0440\u0435\u0441\u043b\u043e \u0433\u0430\u0440\u043c\u043e\u043d\u0438\u0447\u043d\u043e \u0432\u043f\u0438\u0448\u0435\u0442\u0441\u044f \u0432 \u043b\u044e\u0431\u043e\u0439 \u0438\u043d\u0442\u0435\u0440\u044c\u0435\u0440.", "price": "6999.00", "quantity": 24, "is_active": true}}, {"model": "mainapp.product", "pk": 40, "fields": {"category": 4, "name": "\u0421\u0422\u0420\u0410\u041d\u0414\u041c\u041e\u041d", "image": "products_images/strandmon-kreslo-s-podgolovnikom-shiftebu-zheltyy-80419942.jpg", "short_desc": "\u041a\u0440\u0435\u0441\u043b\u043e \u0441 \u043f\u043e\u0434\u0433\u043e\u043b\u043e\u0432\u043d\u0438\u043a\u043e\u043c, \u0428\u0438\u0444\u0442\u0435\u0431\u0443 \u0436\u0435\u043b\u0442\u044b\u0439", "description": "\u041d\u043e\u0432\u0430\u044f \u0436\u0438\u0437\u043d\u044c \u0441\u0442\u0430\u0440\u043e\u0433\u043e \u0434\u0440\u0443\u0433\u0430. \u0412\u043f\u0435\u0440\u0432\u044b\u0435 \u043c\u044b \u043f\u0440\u0435\u0434\u0441\u0442\u0430\u0432\u0438\u043b\u0438 \u044d\u0442\u043e \u043a\u0440\u0435\u0441\u043b\u043e \u043f\u043e\u043a\u0443\u043f\u0430\u0442\u0435\u043b\u044f\u043c \u0432 1950-\u0445 \u0433\u043e\u0434\u0430\u0445. \u0421\u043f\u0443\u0441\u0442\u044f 60 \u043b\u0435\u0442 \u043e\u043d\u043e \u0441\u043d\u043e\u0432\u0430 \u0432 \u043d\u0430\u0448\u0435\u043c \u0430\u0441\u0441\u043e\u0440\u0442\u0438\u043c\u0435\u043d\u0442\u0435 \u0438 \u043d\u0438\u0447\u0443\u0442\u044c \u043d\u0435 \u0443\u0441\u0442\u0443\u043f\u0430\u0435\u0442 \u0441\u0432\u043e\u0435\u043c\u0443 \u043f\u0440\u0435\u0434\u0448\u0435\u0441\u0442\u0432\u0435\u043d\u043d\u0438\u043a\u0443 \u0432 \u043a\u043e\u043c\u0444\u043e\u0440\u0442\u0435 \u0438 \u043f\u0440\u0438\u0432\u043b\u0435\u043a\u0430\u0442\u0435\u043b\u044c\u043d\u043e\u0441\u0442\u0438.", "price": "12999.00", "quantity": 24, "is_active": true}}, {"model": "authapp.shopuser", "pk": 1, "fields": {"password": "pbkdf2_sha256$150000$9oQfKvrT5Ksv$AUT4H4M8MsLT1rSs4AH3xua9kEQZ7eDUjbgrUmwuWys=", "last_login": "2020-05-14T11:51:52.112Z", "is_superuser": true, "username": "django", "first_name": "", "last_name": "", "email": "django@django.com", "is_staff": true, "date_joined": "2020-05-13T22:20:35.441Z", "avatar": "", "age": 36, "is_active": true, "activation_key": "", "activation_key_expires": "2020-05-15T22:20:34.943Z", "groups": [], "user_permissions": []}}, {"model": "authapp.shopuser", "pk": 2, "fields": {"password": "!pO6OjwMa4QdVsLB2WG9DWYXbUZ28NSIbmfhnfldC", "last_login": "2020-05-14T19:12:15.129Z", "is_superuser": false, "username": "michel.koyangkuleshov", "first_name": "\u041c\u0438\u0448\u0435\u043b\u044c", "last_name": "\u041a\u043e\u044f\u043d\u0433-\u041a\u0443\u043b\u0435\u0448\u043e\u0432", "email": "ma5ta_d@mail.ru", "is_staff": false, "date_joined": "2020-05-13T23:39:55.023Z", "avatar": "", "age": 36, "is_active": true, "activation_key": "", "activation_key_expires": "2020-05-15T23:39:44.210Z", "groups": [], "user_permissions": []}}, {"model": "authapp.shopuserprofile", "pk": 1, "fields": {"user": 1, "tagline": "", "aboutMe": "", "gender": ""}}, {"model": "authapp.shopuserprofile", "pk": 2, "fields": {"user": 2, "tagline": "", "aboutMe": "\u041f\u043e\u043c\u043e\u0433\u0430\u044e \u043c\u0430\u043b\u043e\u043c\u0443 \u0431\u0438\u0437\u043d\u0435\u0441\u0443 \u043d\u0430\u043b\u0430\u0434\u0438\u0442\u044c \u043c\u0430\u0440\u043a\u0435\u0442\u0438\u043d\u0433 \u0432 \u0421\u0435\u0442\u0438. \u041b\u0435\u0442\u0430\u044e \u0432 \u0432\u0438\u0440\u0442\u0443\u0430\u043b\u044c\u043d\u043e\u043c \u043d\u0435\u0431\u0435 \u0438 \u043c\u0435\u0447\u0442\u0430\u044e \u043e \u043d\u0430\u0441\u0442\u043e\u044f\u0449\u0435\u043c.", "gender": "M"}}, {"model": "ordersapp.order", "pk": 1, "fields": {"user": 1, "created": "2020-05-14T12:32:34.592Z", "updated": "2020-05-14T12:32:34.592Z", "status": "STP", "is_active": true}}, {"model": "ordersapp.order", "pk": 2, "fields": {"user": 1, "created": "2020-05-14T16:53:05.622Z", "updated": "2020-05-14T16:53:05.622Z", "status": "STP", "is_active": true}}, {"model": "ordersapp.order", "pk": 3, "fields": {"user": 1, "created": "2020-05-14T18:11:30.207Z", "updated": "2020-05-14T18:11:30.207Z", "status": "FM", "is_active": true}}, {"model": "ordersapp.order", "pk": 4, "fields": {"user": 2, "created": "2020-05-14T19:12:23.134Z", "updated": "2020-05-14T19:12:23.134Z", "status": "FM", "is_active": true}}, {"model": "ordersapp.orderitem", "pk": 1, "fields": {"order": 1, "product": 7, "quantity": 1}}, {"model": "ordersapp.orderitem", "pk": 2, "fields": {"order": 2, "product": 1, "quantity": 2}}, {"model": "ordersapp.orderitem", "pk": 3, "fields": {"order": 3, "product": 6, "quantity": 3}}, {"model": "ordersapp.orderitem", "pk": 4, "fields": {"order": 3, "product": 4, "quantity": 4}}, {"model": "ordersapp.orderitem", "pk": 5, "fields": {"order": 4, "product": 16, "quantity": 1}}, {"model": "ordersapp.orderitem", "pk": 6, "fields": {"order": 4, "product": 20, "quantity": 1}}, {"model": "ordersapp.orderitem", "pk": 7, "fields": {"order": 4, "product": 20, "quantity": 2}}, {"model": "social_django.usersocialauth", "pk": 1, "fields": {"user": 2, "provider": "vk-oauth2", "uid": "333392", "extra_data": "{\"auth_time\": 1589483535, \"id\": 333392, \"expires\": 86400, \"access_token\": \"533d8a32bc023a64f781026e069ff20ca72203838a61c0f55c15910a1253e8cc9a32aa0b73a2f60137a5d\", \"token_type\": null}"}}]