[{"model": "mainapp.productcategory", "pk": 1, "fields": {"name": "\u041e\u0441\u0432\u0435\u0449\u0435\u043d\u0438\u0435", "description": "\u041b\u0430\u043c\u043f\u044b \u0438 \u0441\u0432\u0435\u0442\u0438\u043b\u044c\u043d\u0438\u043a\u0438", "category_image": "category_images/product-1.jpg", "is_active": true}}, {"model": "mainapp.productcategory", "pk": 2, "fields": {"name": "\u0421\u0442\u0443\u043b\u044c\u044f", "description": "\u0421\u0442\u0443\u043b\u044c\u044f \u0438 \u0441\u0442\u043e\u043b\u044b", "category_image": "category_images/product-4.jpg", "is_active": true}}, {"model": "mainapp.productcategory", "pk": 3, "fields": {"name": "\u0411\u044b\u0442\u043e\u0432\u044b\u0435 \u043f\u0440\u0438\u0431\u043e\u0440\u044b", "description": "\u0411\u044b\u0442\u043e\u0432\u044b\u0435 \u043f\u0440\u0438\u0431\u043e\u0440\u044b \u0434\u043b\u044f \u0434\u043e\u043c\u0430", "category_image": "category_images/product-3.jpg", "is_active": true}}, {"model": "mainapp.productcategory", "pk": 4, "fields": {"name": "\u041c\u044f\u0433\u043a\u0430\u044f \u043c\u0435\u0431\u0435\u043b\u044c", "description": "\u041a\u0440\u0435\u0441\u043b\u0430 \u0438 \u0434\u0438\u0432\u0430\u043d\u044b", "category_image": "category_images/product-2.jpg", "is_active": true}}, {"model": "mainapp.product", "pk": 1, "fields": {"category": 2, "name": "\u0421\u0442\u0443\u043b \u0430\u0440\u0442.24681", "image": "products_images/slider1.jpg", "short_desc": "\u041e\u0442\u043b\u0438\u0447\u043d\u044b\u0439 \u0441\u0442\u0443\u043b \u043a\u0440\u0430\u0441\u043d\u043e\u0433\u043e \u0446\u0432\u0435\u0442\u0430", "description": "\u0420\u0430\u0441\u043f\u043e\u043b\u043e\u0436\u0438\u0442\u0435\u0441\u044c \u043a\u043e\u043c\u0444\u043e\u0440\u0442\u043d\u043e. \u041e\u0442\u043b\u0438\u0447\u043d\u043e\u0435 \u043a\u0430\u0447\u0435\u0441\u0442\u0432\u043e \u043c\u0430\u0442\u0435\u0440\u0438\u0430\u043b\u043e\u0432 \u043f\u043e\u0437\u0432\u043e\u043b\u0438\u0442 \u0432\u0430\u043c \u044d\u0442\u043e. \u0420\u0430\u0437\u043b\u0438\u0447\u043d\u044b\u0435 \u0446\u0432\u0435\u0442\u0430 \u0432\u044b\u0441\u043e\u0447\u0430\u0439\u0448\u0438\u0439 \u0443\u0440\u043e\u0432\u0435\u043d\u044c \u044d\u0440\u0433\u043e\u043d\u043e\u043c\u0438\u043a\u0438 \u0438 \u043f\u0440\u043e\u0447\u043d\u043e\u0441\u0442\u044c.", "price": "3282.45", "quantity": 64, "is_active": true}}, {"model": "mainapp.product", "pk": 2, "fields": {"category": 2, "name": "\u0421\u0442\u0443\u043b \u042f\u041d-\u0418\u041d\u0413\u0415", "image": "products_images/yan-inge-stul-belyy-00360907.jpg", "short_desc": "\u041e\u0442\u043b\u0438\u0447\u043d\u044b\u0439 \u0441\u0442\u0443\u043b \u0431\u0435\u043b\u043e\u0433\u043e \u0446\u0432\u0435\u0442\u0430", "description": "\u0420\u0430\u0441\u043f\u043e\u043b\u043e\u0436\u0438\u0442\u0435\u0441\u044c \u043a\u043e\u043c\u0444\u043e\u0440\u0442\u043d\u043e. \u041e\u0442\u043b\u0438\u0447\u043d\u043e\u0435 \u043a\u0430\u0447\u0435\u0441\u0442\u0432\u043e \u043c\u0430\u0442\u0435\u0440\u0438\u0430\u043b\u043e\u0432 \u043f\u043e\u0437\u0432\u043e\u043b\u0438\u0442 \u0432\u0430\u043c \u044d\u0442\u043e. \u0420\u0430\u0437\u043b\u0438\u0447\u043d\u044b\u0435 \u0446\u0432\u0435\u0442\u0430 \u0432\u044b\u0441\u043e\u0447\u0430\u0439\u0448\u0438\u0439 \u0443\u0440\u043e\u0432\u0435\u043d\u044c \u044d\u0440\u0433\u043e\u043d\u043e\u043c\u0438\u043a\u0438 \u0438 \u043f\u0440\u043e\u0447\u043d\u043e\u0441\u0442\u044c.", "price": "1999.50", "quantity": 64, "is_active": true}}, {"model": "mainapp.product", "pk": 3, "fields": {"category": 2, "name": "\u0421\u0442\u0443\u043b \u0412\u041e\u041b\u042c\u0424\u0413\u0410\u041d\u0413", "image": "products_images/volfgang-stul-hromirovannyy-gunnared-klassicheskiy-seryy-10404661.jpg", "short_desc": "\u0421\u0442\u0443\u043b, \u0445\u0440\u043e\u043c\u0438\u0440\u043e\u0432\u0430\u043d\u043d\u044b\u0439, \u0413\u0443\u043d\u043d\u0430\u0440\u0435\u0434 \u043a\u043b\u0430\u0441\u0441\u0438\u0447\u0435\u0441\u043a\u0438\u0439 \u0441\u0435\u0440\u044b\u0439", "description": "\u041c\u044f\u0433\u043a\u043e\u0435 \u0441\u0438\u0434\u0435\u043d\u044c\u0435 \u0438 \u0443\u0434\u043e\u0431\u043d\u0430\u044f \u0441\u043f\u0438\u043d\u043a\u0430 \u0441\u0442\u0443\u043b\u0430 \u0412\u041e\u041b\u042c\u0424\u0413\u0410\u041d\u0413 \u043e\u0431\u0435\u0441\u043f\u0435\u0447\u0430\u0442 \u043e\u043f\u0442\u0438\u043c\u0430\u043b\u044c\u043d\u044b\u0439 \u043a\u043e\u043c\u0444\u043e\u0440\u0442, \u0447\u0442\u043e\u0431\u044b \u043d\u0438\u0447\u0442\u043e \u043d\u0435 \u043c\u0435\u0448\u0430\u043b\u043e \u0432\u0430\u043c \u043d\u0430\u0441\u043b\u0430\u0436\u0434\u0430\u0442\u044c\u0441\u044f \u0443\u0436\u0438\u043d\u043e\u043c \u0441 \u0441\u0435\u043c\u044c\u0435\u0439 \u0438 \u0434\u0440\u0443\u0437\u044c\u044f\u043c\u0438.", "price": "2499.50", "quantity": 64, "is_active": true}}, {"model": "mainapp.product", "pk": 4, "fields": {"category": 2, "name": "\u0421\u0442\u0443\u043b \u0420\u0401\u041d\u041d\u0418\u041d\u0413\u0415", "image": "products_images/ryonninge-stul-zelenyy-00412893.jpg", "short_desc": "\u0421\u0442\u0443\u043b, \u0437\u0435\u043b\u0435\u043d\u044b\u0439", "description": "\u0421\u0442\u0443\u043b \u0441 \u0432\u044b\u0440\u0430\u0437\u0438\u0442\u0435\u043b\u044c\u043d\u043e\u0439 \u0444\u0430\u043a\u0442\u0443\u0440\u043e\u0439 \u0434\u0435\u0440\u0435\u0432\u0430 \u0438 \u043b\u0430\u043a\u043e\u043d\u0438\u0447\u043d\u044b\u043c \u0434\u0438\u0437\u0430\u0439\u043d\u043e\u043c \u0432 \u0441\u0442\u0438\u043b\u0435 50\u201460-\u0445 \u0433\u043e\u0434\u043e\u0432 \u043e\u0440\u0433\u0430\u043d\u0438\u0447\u043d\u043e \u0432\u043f\u0438\u0448\u0435\u0442\u0441\u044f \u0432 \u043b\u044e\u0431\u043e\u0439 \u0438\u043d\u0442\u0435\u0440\u044c\u0435\u0440.", "price": "2999.50", "quantity": 123, "is_active": true}}, {"model": "mainapp.product", "pk": 5, "fields": {"category": 2, "name": "\u0418\u041a\u0415\u0410 \u041f\u0421 2012", "image": "products_images/ikea-ps-2012-legkoe-kreslo-chernyy-90383221.jpg", "short_desc": "\u041b\u0435\u0433\u043a\u043e\u0435 \u043a\u0440\u0435\u0441\u043b\u043e, \u0447\u0435\u0440\u043d\u044b\u0439", "description": "\u0421\u0442\u0443\u043b \u0441 \u0432\u044b\u0440\u0430\u0437\u0438\u0442\u0435\u043b\u044c\u043d\u043e\u0439 \u0444\u0430\u043a\u0442\u0443\u0440\u043e\u0439 \u0434\u0435\u0440\u0435\u0432\u0430 \u0438 \u043b\u0430\u043a\u043e\u043d\u0438\u0447\u043d\u044b\u043c \u0434\u0438\u0437\u0430\u0439\u043d\u043e\u043c \u0432 \u0441\u0442\u0438\u043b\u0435 50\u201460-\u0445 \u0433\u043e\u0434\u043e\u0432 \u043e\u0440\u0433\u0430\u043d\u0438\u0447\u043d\u043e \u0432\u043f\u0438\u0448\u0435\u0442\u0441\u044f \u0432 \u043b\u044e\u0431\u043e\u0439 \u0438\u043d\u0442\u0435\u0440\u044c\u0435\u0440.", "price": "2649.50", "quantity": 123, "is_active": true}}, {"model": "mainapp.product", "pk": 6, "fields": {"category": 2, "name": "\u041a\u0423\u041b\u041b\u0410\u0411\u0415\u0420\u0413", "image": "products_images/kullaberg-rabochiy-stul-sosna-chernyy-20373032.jpg", "short_desc": "\u0420\u0430\u0431\u043e\u0447\u0438\u0439 \u0441\u0442\u0443\u043b, \u0441\u043e\u0441\u043d\u0430, \u0447\u0435\u0440\u043d\u044b\u0439", "description": "\u0421\u0442\u0443\u043b \u0441 \u0432\u044b\u0440\u0430\u0437\u0438\u0442\u0435\u043b\u044c\u043d\u043e\u0439 \u0444\u0430\u043a\u0442\u0443\u0440\u043e\u0439 \u0434\u0435\u0440\u0435\u0432\u0430 \u0438 \u043b\u0430\u043a\u043e\u043d\u0438\u0447\u043d\u044b\u043c \u0434\u0438\u0437\u0430\u0439\u043d\u043e\u043c \u0432 \u0441\u0442\u0438\u043b\u0435 50\u201460-\u0445 \u0433\u043e\u0434\u043e\u0432 \u043e\u0440\u0433\u0430\u043d\u0438\u0447\u043d\u043e \u0432\u043f\u0438\u0448\u0435\u0442\u0441\u044f \u0432 \u043b\u044e\u0431\u043e\u0439 \u0438\u043d\u0442\u0435\u0440\u044c\u0435\u0440.", "price": "2499.50", "quantity": 123, "is_active": true}}, {"model": "mainapp.product", "pk": 7, "fields": {"category": 2, "name": "\u0421\u0442\u0443\u043b \u0422\u041e\u0411\u0418\u0410\u0421", "image": "products_images/tobias-stul-prozrachnyy-hromirovannyy-90355874.jpg", "short_desc": "\u0421\u0442\u0443\u043b, \u043f\u0440\u043e\u0437\u0440\u0430\u0447\u043d\u044b\u0439, \u0445\u0440\u043e\u043c\u0438\u0440\u043e\u0432\u0430\u043d\u043d\u044b\u0439", "description": "\u0421\u0442\u0443\u043b \u0441 \u0432\u044b\u0440\u0430\u0437\u0438\u0442\u0435\u043b\u044c\u043d\u043e\u0439 \u0444\u0430\u043a\u0442\u0443\u0440\u043e\u0439 \u0434\u0435\u0440\u0435\u0432\u0430 \u0438 \u043b\u0430\u043a\u043e\u043d\u0438\u0447\u043d\u044b\u043c \u0434\u0438\u0437\u0430\u0439\u043d\u043e\u043c \u0432 \u0441\u0442\u0438\u043b\u0435 50\u201460-\u0445 \u0433\u043e\u0434\u043e\u0432 \u043e\u0440\u0433\u0430\u043d\u0438\u0447\u043d\u043e \u0432\u043f\u0438\u0448\u0435\u0442\u0441\u044f \u0432 \u043b\u044e\u0431\u043e\u0439 \u0438\u043d\u0442\u0435\u0440\u044c\u0435\u0440.", "price": "2999.50", "quantity": 123, "is_active": true}}, {"model": "mainapp.product", "pk": 8, "fields": {"category": 2, "name": "\u0421\u0442\u0443\u043b \u041b\u0415\u0419\u0424-\u0410\u0420\u041d\u0415", "image": "products_images/leyf-arne-stul-temno-zheltyy-brur-inge-hromirovannyy-s99304205.jpg", "short_desc": "\u0421\u0442\u0443\u043b, \u0442\u0435\u043c\u043d\u043e-\u0436\u0435\u043b\u0442\u044b\u0439, \u0411\u0440\u0443\u0440-\u0418\u043d\u0433\u0435 \u0445\u0440\u043e\u043c\u0438\u0440\u043e\u0432\u0430\u043d\u043d\u044b\u0439", "description": "\u0421\u0442\u0443\u043b \u0441 \u0432\u044b\u0440\u0430\u0437\u0438\u0442\u0435\u043b\u044c\u043d\u043e\u0439 \u0444\u0430\u043a\u0442\u0443\u0440\u043e\u0439 \u0434\u0435\u0440\u0435\u0432\u0430 \u0438 \u043b\u0430\u043a\u043e\u043d\u0438\u0447\u043d\u044b\u043c \u0434\u0438\u0437\u0430\u0439\u043d\u043e\u043c \u0432 \u0441\u0442\u0438\u043b\u0435 50\u201460-\u0445 \u0433\u043e\u0434\u043e\u0432 \u043e\u0440\u0433\u0430\u043d\u0438\u0447\u043d\u043e \u0432\u043f\u0438\u0448\u0435\u0442\u0441\u044f \u0432 \u043b\u044e\u0431\u043e\u0439 \u0438\u043d\u0442\u0435\u0440\u044c\u0435\u0440.", "price": "1249.50", "quantity": 123, "is_active": true}}, {"model": "mainapp.product", "pk": 9, "fields": {"category": 2, "name": "\u0421\u0442\u0443\u043b \u041e\u0414\u0413\u0415\u0420", "image": "products_images/odger-stul-belyy-bezhevyy-20359998.jpg", "short_desc": "\u0421\u0442\u0443\u043b, \u0431\u0435\u043b\u044b\u0439, \u0431\u0435\u0436\u0435\u0432\u044b\u0439", "description": "\u041f\u0440\u043e\u0441\u0442\u0430\u044f \u0441\u0431\u043e\u0440\u043a\u0430: \u0434\u043e\u0441\u0442\u0430\u0442\u043e\u0447\u043d\u043e \u0443\u0441\u0442\u0430\u043d\u043e\u0432\u0438\u0442\u044c \u044d\u043b\u0435\u043c\u0435\u043d\u0442\u044b \u0434\u043e \u0449\u0435\u043b\u0447\u043a\u0430, \u0438\u043d\u0441\u0442\u0440\u0443\u043c\u0435\u043d\u0442\u044b \u043d\u0435 \u0442\u0440\u0435\u0431\u0443\u044e\u0442\u0441\u044f. \u0411\u043b\u0430\u0433\u043e\u0434\u0430\u0440\u044f \u0441\u0438\u0434\u0435\u043d\u044c\u044e \u0438 \u0441\u043f\u0438\u043d\u043a\u0435 \u044d\u0440\u0433\u043e\u043d\u043e\u043c\u0438\u0447\u043d\u043e\u0439 \u0444\u043e\u0440\u043c\u044b \u0443\u0434\u043e\u0431\u043d\u043e \u0441\u0438\u0434\u0435\u0442\u044c. \u0421\u0434\u0435\u043b\u0430\u043d\u043e \u0438\u0437 \u043f\u0435\u0440\u0435\u0440\u0430\u0431\u043e\u0442\u0430\u043d\u043d\u043e\u0433\u043e \u043f\u043b\u0430\u0441\u0442\u0438\u043a\u0430 \u0438 \u0432\u043e\u0437\u043e\u0431\u043d\u043e\u0432\u043b\u044f\u0435\u043c\u043e\u0433\u043e \u043c\u0430\u0442\u0435\u0440\u0438\u0430\u043b\u0430 \u2014 \u0434\u0440\u0435\u0432\u0435\u0441\u0438\u043d\u044b.", "price": "2999.50", "quantity": 122, "is_active": true}}, {"model": "mainapp.product", "pk": 10, "fields": {"category": 2, "name": "\u0421\u0442\u0443\u043b \u0422\u0415\u041e\u0414\u041e\u0420\u0415\u0421", "image": "products_images/teodores-stul-belyy-10350941.jpg", "short_desc": "\u0421\u0442\u0443\u043b, \u0431\u0435\u043b\u044b\u0439", "description": "\u0421\u0442\u0443\u043b \u0441 \u0432\u044b\u0440\u0430\u0437\u0438\u0442\u0435\u043b\u044c\u043d\u043e\u0439 \u0444\u0430\u043a\u0442\u0443\u0440\u043e\u0439 \u0434\u0435\u0440\u0435\u0432\u0430 \u0438 \u043b\u0430\u043a\u043e\u043d\u0438\u0447\u043d\u044b\u043c \u0434\u0438\u0437\u0430\u0439\u043d\u043e\u043c \u0432 \u0441\u0442\u0438\u043b\u0435 50\u201460-\u0445 \u0433\u043e\u0434\u043e\u0432 \u043e\u0440\u0433\u0430\u043d\u0438\u0447\u043d\u043e \u0432\u043f\u0438\u0448\u0435\u0442\u0441\u044f \u0432 \u043b\u044e\u0431\u043e\u0439 \u0438\u043d\u0442\u0435\u0440\u044c\u0435\u0440.", "price": "1099.50", "quantity": 123, "is_active": true}}, {"model": "mainapp.product", "pk": 11, "fields": {"category": 2, "name": "\u0421\u0442\u0443\u043b \u041e\u0414\u0413\u0415\u0420", "image": "products_images/odger-rabochiy-stul-belyy-bezhevyy-50395264.jpg", "short_desc": "\u0420\u0430\u0431\u043e\u0447\u0438\u0439 \u0441\u0442\u0443\u043b, \u0431\u0435\u043b\u044b\u0439, \u0431\u0435\u0436\u0435\u0432\u044b\u0439", "description": "\u0421\u0442\u0443\u043b \u0441 \u0432\u044b\u0440\u0430\u0437\u0438\u0442\u0435\u043b\u044c\u043d\u043e\u0439 \u0444\u0430\u043a\u0442\u0443\u0440\u043e\u0439 \u0434\u0435\u0440\u0435\u0432\u0430 \u0438 \u043b\u0430\u043a\u043e\u043d\u0438\u0447\u043d\u044b\u043c \u0434\u0438\u0437\u0430\u0439\u043d\u043e\u043c \u0432 \u0441\u0442\u0438\u043b\u0435 50\u201460-\u0445 \u0433\u043e\u0434\u043e\u0432 \u043e\u0440\u0433\u0430\u043d\u0438\u0447\u043d\u043e \u0432\u043f\u0438\u0448\u0435\u0442\u0441\u044f \u0432 \u043b\u044e\u0431\u043e\u0439 \u0438\u043d\u0442\u0435\u0440\u044c\u0435\u0440.", "price": "3999.50", "quantity": 123, "is_active": true}}, {"model": "mainapp.product", "pk": 12, "fields": {"category": 1, "name": "\u041b\u0430\u043c\u043f\u0430 \u0430\u0440\u0442.803.935.60", "image": "products_images/slider2.jpg", "short_desc": "\u041b\u0430\u043c\u043f\u0430 \u0440\u0430\u0431\u043e\u0447\u0430\u044f", "description": "\u0420\u0430\u0431\u043e\u0447\u0430\u044f \u043b\u0430\u043c\u043f\u0430 \u0422\u0415\u0420\u0426\u0418\u0410\u041b \u043f\u043e\u044f\u0432\u0438\u043b\u0430\u0441\u044c \u0432 \u043d\u0430\u0448\u0435\u043c \u0430\u0441\u0441\u043e\u0440\u0442\u0438\u043c\u0435\u043d\u0442\u0435 \u0432 1998 \u0433\u043e\u0434\u0443. \u0412\u043e\u0442 \u0443\u0436\u0435 \u043c\u043d\u043e\u0433\u0438\u0435 \u0433\u043e\u0434\u0443 \u043f\u043e\u043a\u0443\u043f\u0430\u0442\u0435\u043b\u0438 \u043f\u043e \u0434\u043e\u0441\u0442\u043e\u0438\u043d\u0441\u0442\u0432\u0443 \u043e\u0446\u0435\u043d\u0438\u0432\u0430\u044e\u0442 \u0435\u0435 \u043a\u043b\u0430\u0441\u0441\u0438\u0447\u0435\u0441\u043a\u0438\u0439 \u0434\u0438\u0437\u0430\u0439\u043d, \u0440\u0435\u0433\u0443\u043b\u0438\u0440\u0443\u0435\u043c\u044b\u0435 \u0448\u0442\u0430\u0442\u0438\u0432 \u0438 \u043f\u043b\u0430\u0444\u043e\u043d", "price": "126.49", "quantity": 123, "is_active": true}}, {"model": "mainapp.product", "pk": 13, "fields": {"category": 1, "name": "\u041b\u0430\u043c\u043f\u0430 \u0424\u041e\u0420\u0421\u041e", "image": "products_images/forso-lampa-rabochaya-nikelirovannyy-20360567.jpg", "short_desc": "\u041b\u0430\u043c\u043f\u0430 \u0440\u0430\u0431\u043e\u0447\u0430\u044f, \u043d\u0438\u043a\u0435\u043b\u0438\u0440\u043e\u0432\u0430\u043d\u043d\u044b\u0439", "description": "\u0421\u0442\u0430\u043b\u044c\u043d\u0430\u044f \u043b\u0430\u043c\u043f\u0430 \u0432 \u043a\u043b\u0430\u0441\u0441\u0438\u0447\u0435\u0441\u043a\u043e\u043c \u0441\u0442\u0438\u043b\u0435 \u0441\u0434\u0435\u043b\u0430\u0435\u0442 \u0432\u0430\u0448\u0443 \u0436\u0438\u0437\u043d\u044c \u044f\u0440\u0447\u0435. \u0428\u0442\u0430\u0442\u0438\u0432 \u0438 \u0430\u0431\u0430\u0436\u0443\u0440 \u0440\u0435\u0433\u0443\u043b\u0438\u0440\u0443\u044e\u0442\u0441\u044f, \u043f\u043e\u044d\u0442\u043e\u043c\u0443 \u043f\u0440\u0438 \u0441\u0432\u0435\u0442\u0435 \u0442\u0430\u043a\u043e\u0439 \u043b\u0430\u043c\u043f\u044b \u0443\u0434\u043e\u0431\u043d\u043e \u0447\u0438\u0442\u0430\u0442\u044c \u043d\u0435 \u0442\u043e\u043b\u044c\u043a\u043e \u0437\u0430 \u0441\u0442\u043e\u043b\u043e\u043c, \u043d\u043e \u0438 \u043d\u0430 \u0434\u0438\u0432\u0430\u043d\u0435 \u0438\u043b\u0438 \u043a\u0440\u043e\u0432\u0430\u0442\u0438.", "price": "129.90", "quantity": 122, "is_active": true}}, {"model": "mainapp.product", "pk": 14, "fields": {"category": 1, "name": "\u041b\u0430\u043c\u043f\u0430 \u042e\u041f\u041f\u0415\u0420\u041b\u0418\u0413", "image": "products_images/yupperlig-nastolnaya-lampa-svetodiodnaya-svetlo-seryy-60347475.jpg", "short_desc": "\u041d\u0430\u0441\u0442\u043e\u043b\u044c\u043d\u0430\u044f \u043b\u0430\u043c\u043f\u0430, \u0441\u0432\u0435\u0442\u043e\u0434\u0438\u043e\u0434\u043d\u0430\u044f, \u0441\u0432\u0435\u0442\u043b\u043e-\u0441\u0435\u0440\u044b\u0439", "description": "\u0420\u0430\u0431\u043e\u0447\u0430\u044f \u043b\u0430\u043c\u043f\u0430 \u0422\u0415\u0420\u0426\u0418\u0410\u041b \u043f\u043e\u044f\u0432\u0438\u043b\u0430\u0441\u044c \u0432 \u043d\u0430\u0448\u0435\u043c \u0430\u0441\u0441\u043e\u0440\u0442\u0438\u043c\u0435\u043d\u0442\u0435 \u0432 1998 \u0433\u043e\u0434\u0443. \u0412\u043e\u0442 \u0443\u0436\u0435 \u043c\u043d\u043e\u0433\u0438\u0435 \u0433\u043e\u0434\u0443 \u043f\u043e\u043a\u0443\u043f\u0430\u0442\u0435\u043b\u0438 \u043f\u043e \u0434\u043e\u0441\u0442\u043e\u0438\u043d\u0441\u0442\u0432\u0443 \u043e\u0446\u0435\u043d\u0438\u0432\u0430\u044e\u0442 \u0435\u0435 \u043a\u043b\u0430\u0441\u0441\u0438\u0447\u0435\u0441\u043a\u0438\u0439 \u0434\u0438\u0437\u0430\u0439\u043d, \u0440\u0435\u0433\u0443\u043b\u0438\u0440\u0443\u0435\u043c\u044b\u0435 \u0448\u0442\u0430\u0442\u0438\u0432 \u0438 \u043f\u043b\u0430\u0444\u043e\u043d", "price": "299.90", "quantity": 122, "is_active": true}}, {"model": "mainapp.product", "pk": 15, "fields": {"category": 1, "name": "\u041b\u0430\u043c\u043f\u0430 \u042f\u041d\u0428\u041e", "image": "products_images/yansho-rabochaya-lampa-svetodiodnaya-chernyy-30360595.jpg", "short_desc": "\u0420\u0430\u0431\u043e\u0447\u0430\u044f \u043b\u0430\u043c\u043f\u0430, \u0441\u0432\u0435\u0442\u043e\u0434\u0438\u043e\u0434\u043d\u0430\u044f, \u0447\u0435\u0440\u043d\u044b\u0439, 60 \u0441\u043c", "description": "\u041b\u0430\u043c\u043f\u0430 \u0441 \u0433\u0438\u0431\u043a\u0438\u043c \u0448\u0442\u0430\u0442\u0438\u0432\u043e\u043c \u043f\u043e\u0437\u0432\u043e\u043b\u044f\u0435\u0442 \u043d\u0430\u043f\u0440\u0430\u0432\u0438\u0442\u044c \u0441\u0432\u0435\u0442 \u0442\u043e\u0447\u043d\u043e \u043d\u0430 \u043d\u0443\u0436\u043d\u044b\u0439 \u0443\u0447\u0430\u0441\u0442\u043e\u043a. \u041e\u043d\u0430 \u043e\u0447\u0435\u043d\u044c \u0442\u043e\u043d\u043a\u0430\u044f \u0438 \u043b\u0435\u0433\u043a\u0430\u044f, \u0438 \u0435\u0435 \u0443\u0434\u043e\u0431\u043d\u043e \u043f\u0435\u0440\u0435\u043d\u043e\u0441\u0438\u0442\u044c \u0441 \u043c\u0435\u0441\u0442\u0430 \u043d\u0430 \u043c\u0435\u0441\u0442\u043e. \u0410 \u044d\u043d\u0435\u0440\u0433\u043e\u0441\u0431\u0435\u0440\u0435\u0433\u0430\u044e\u0449\u0438\u0439 \u0441\u0432\u0435\u0442\u043e\u0434\u0438\u043e\u0434 \u0431\u0443\u0434\u0435\u0442 \u0434\u0430\u0440\u0438\u0442\u044c \u0432\u0430\u043c \u0441\u0432\u0435\u0442 25000 \u0447\u0430\u0441\u043e\u0432.", "price": "89.90", "quantity": 123, "is_active": true}}, {"model": "mainapp.product", "pk": 16, "fields": {"category": 1, "name": "\u041b\u0430\u043c\u043f\u0430 \u041b\u0410\u0413\u0420\u0410", "image": "products_images/lagra-lampa-rabochaya-chernyy-20380155.jpg", "short_desc": "\u041b\u0430\u043c\u043f\u0430 \u0440\u0430\u0431\u043e\u0447\u0430\u044f, \u0447\u0435\u0440\u043d\u044b\u0439", "description": "\u041b\u0430\u043c\u043f\u043e\u0447\u043a\u0430 \u043f\u0440\u043e\u0434\u0430\u0435\u0442\u0441\u044f \u043e\u0442\u0434\u0435\u043b\u044c\u043d\u043e. \u0420\u0435\u043a\u043e\u043c\u0435\u043d\u0434\u0443\u0435\u0442\u0441\u044f \u0441\u0432\u0435\u0442\u043e\u0434\u0438\u043e\u0434 E14.", "price": "36.90", "quantity": 121, "is_active": true}}, {"model": "mainapp.product", "pk": 17, "fields": {"category": 1, "name": "\u041b\u0430\u043c\u043f\u0430 \u0425\u041e\u0420\u0422\u0415", "image": "products_images/horte-rabochaya-lampa-svetodiodnaya-belyy-serebristyy-60360594.jpg", "short_desc": "\u0420\u0430\u0431\u043e\u0447\u0430\u044f \u043b\u0430\u043c\u043f\u0430, \u0441\u0432\u0435\u0442\u043e\u0434\u0438\u043e\u0434\u043d\u0430\u044f, \u0431\u0435\u043b\u044b\u0439, \u0441\u0435\u0440\u0435\u0431\u0440\u0438\u0441\u0442\u044b\u0439", "description": "\u0420\u0430\u0431\u043e\u0447\u0430\u044f \u043b\u0430\u043c\u043f\u0430 \u0422\u0415\u0420\u0426\u0418\u0410\u041b \u043f\u043e\u044f\u0432\u0438\u043b\u0430\u0441\u044c \u0432 \u043d\u0430\u0448\u0435\u043c \u0430\u0441\u0441\u043e\u0440\u0442\u0438\u043c\u0435\u043d\u0442\u0435 \u0432 1998 \u0433\u043e\u0434\u0443. \u0412\u043e\u0442 \u0443\u0436\u0435 \u043c\u043d\u043e\u0433\u0438\u0435 \u0433\u043e\u0434\u0443 \u043f\u043e\u043a\u0443\u043f\u0430\u0442\u0435\u043b\u0438 \u043f\u043e \u0434\u043e\u0441\u0442\u043e\u0438\u043d\u0441\u0442\u0432\u0443 \u043e\u0446\u0435\u043d\u0438\u0432\u0430\u044e\u0442 \u0435\u0435 \u043a\u043b\u0430\u0441\u0441\u0438\u0447\u0435\u0441\u043a\u0438\u0439 \u0434\u0438\u0437\u0430\u0439\u043d, \u0440\u0435\u0433\u0443\u043b\u0438\u0440\u0443\u0435\u043c\u044b\u0435 \u0448\u0442\u0430\u0442\u0438\u0432 \u0438 \u043f\u043b\u0430\u0444\u043e\u043d", "price": "129.90", "quantity": 122, "is_active": true}}, {"model": "mainapp.product", "pk": 18, "fields": {"category": 1, "name": "\u041b\u0430\u043c\u043f\u0430 \u0420\u0418\u0413\u0413\u0410\u0414", "image": "products_images/riggad-lampa-ustroyst-d-besprovod-zaryadki-belyy-90360644.jpg", "short_desc": "\u041b\u0430\u043c\u043f\u0430/\u0443\u0441\u0442\u0440\u043e\u0439\u0441\u0442\u0432\u043e \u0434\u043b\u044f \u0431\u0435\u0441\u043f\u0440\u043e\u0432\u043e\u0434\u043d\u043e\u0439 \u0437\u0430\u0440\u044f\u0434\u043a\u0438, \u0431\u0435\u043b\u044b\u0439", "description": "\u041c\u044b \u0441 \u0433\u043e\u0440\u0434\u043e\u0441\u0442\u044c\u044e \u043f\u0440\u0435\u0434\u0441\u0442\u0430\u0432\u043b\u044f\u0435\u043c \u0432\u0430\u043c \u0440\u0430\u0431\u043e\u0447\u0443\u044e \u043b\u0430\u043c\u043f\u0443, \u043a\u043e\u0442\u043e\u0440\u0430\u044f \u043d\u0435 \u0442\u043e\u043b\u044c\u043a\u043e \u0441\u0432\u0435\u0442\u0438\u0442, \u043d\u043e \u0438 \u0442\u0435\u043b\u0435\u0444\u043e\u043d \u0437\u0430\u0440\u044f\u0436\u0430\u0435\u0442. \u041f\u043e\u0431\u0435\u0434\u0438\u0442\u0435\u043b\u044c\u043d\u0438\u0446\u0430 \u043c\u0435\u0436\u0434\u0443\u043d\u0430\u0440\u043e\u0434\u043d\u043e\u0433\u043e \u043a\u043e\u043d\u043a\u0443\u0440\u0441\u0430 iF Design Award, \u043e\u043d\u0430 \u043f\u043e \u0434\u043e\u0441\u0442\u043e\u0438\u043d\u0441\u0442\u0432\u0443 \u043e\u0446\u0435\u043d\u0435\u043d\u0430 \u0437\u0430 \u0442\u0435\u0445\u043d\u043e\u043b\u043e\u0433\u0438\u0447\u043d\u044b\u0439 \u0434\u0438\u0437\u0430\u0439\u043d \u0441 \u0432\u044b\u0440\u0430\u0437\u0438\u0442\u0435\u043b\u044c\u043d\u044b\u043c\u0438 \u0434\u0435\u0442\u0430\u043b\u044f\u043c\u0438 \u0438\u0437 \u0431\u0435\u0440\u0435\u0437\u044b.", "price": "499.90", "quantity": 121, "is_active": true}}, {"model": "mainapp.product", "pk": 19, "fields": {"category": 1, "name": "\u041b\u0430\u043c\u043f\u0430 \u0424\u041e\u0420\u0421\u041e", "image": "products_images/forso-lampa-rabochaya-belyy-60444424.jpg", "short_desc": "\u041b\u0430\u043c\u043f\u0430 \u0440\u0430\u0431\u043e\u0447\u0430\u044f, \u0431\u0435\u043b\u044b\u0439", "description": "\u0421\u0442\u0430\u043b\u044c\u043d\u0430\u044f \u043b\u0430\u043c\u043f\u0430 \u0432 \u043a\u043b\u0430\u0441\u0441\u0438\u0447\u0435\u0441\u043a\u043e\u043c \u0441\u0442\u0438\u043b\u0435 \u0441\u0434\u0435\u043b\u0430\u0435\u0442 \u0432\u0430\u0448\u0443 \u0436\u0438\u0437\u043d\u044c \u044f\u0440\u0447\u0435. \u0428\u0442\u0430\u0442\u0438\u0432 \u0438 \u0430\u0431\u0430\u0436\u0443\u0440 \u0440\u0435\u0433\u0443\u043b\u0438\u0440\u0443\u044e\u0442\u0441\u044f, \u043f\u043e\u044d\u0442\u043e\u043c\u0443 \u043f\u0440\u0438 \u0441\u0432\u0435\u0442\u0435 \u0442\u0430\u043a\u043e\u0439 \u043b\u0430\u043c\u043f\u044b \u0443\u0434\u043e\u0431\u043d\u043e \u0447\u0438\u0442\u0430\u0442\u044c \u043d\u0435 \u0442\u043e\u043b\u044c\u043a\u043e \u0437\u0430 \u0441\u0442\u043e\u043b\u043e\u043c, \u043d\u043e \u0438 \u043d\u0430 \u0434\u0438\u0432\u0430\u043d\u0435 \u0438\u043b\u0438 \u043a\u0440\u043e\u0432\u0430\u0442\u0438.", "price": "159.90", "quantity": 123, "is_active": true}}, {"model": "mainapp.product", "pk": 20, "fields": {"category": 1, "name": "\u041b\u0430\u043c\u043f\u0430 \u0421\u0412\u0410\u041b\u041b\u0415\u0422", "image": "products_images/svallet-lampa-rabochaya-temno-seryy-belyy-60358497.jpg", "short_desc": "\u041b\u0430\u043c\u043f\u0430 \u0440\u0430\u0431\u043e\u0447\u0430\u044f, \u0442\u0435\u043c\u043d\u043e-\u0441\u0435\u0440\u044b\u0439, \u0431\u0435\u043b\u044b\u0439", "description": "\u042d\u0442\u0430 \u0440\u0430\u0431\u043e\u0447\u0430\u044f \u043b\u0430\u043c\u043f\u0430 \u0438\u0437 \u043f\u0435\u0440\u0435\u0440\u0430\u0431\u043e\u0442\u0430\u043d\u043d\u043e\u0433\u043e \u043f\u043b\u0430\u0441\u0442\u0438\u043a\u0430 \u0443\u0434\u043e\u0441\u0442\u043e\u0435\u043d\u0430 \u043f\u0440\u0435\u0441\u0442\u0438\u0436\u043d\u043e\u0439 \u043c\u0435\u0436\u0434\u0443\u043d\u0430\u0440\u043e\u0434\u043d\u043e\u0439 \u043d\u0430\u0433\u0440\u0430\u0434\u044b Red Dot Award \u0432 \u043e\u0431\u043b\u0430\u0441\u0442\u0438 \u0434\u0438\u0437\u0430\u0439\u043d\u0430. \u041e\u043d\u0430 \u043e\u0431\u0435\u0441\u043f\u0435\u0447\u0438\u0432\u0430\u0435\u0442 \u0444\u0443\u043d\u043a\u0446\u0438\u043e\u043d\u0430\u043b\u044c\u043d\u043e\u0435 \u043d\u0430\u043f\u0440\u0430\u0432\u043b\u0435\u043d\u043d\u043e\u0435 \u043e\u0441\u0432\u0435\u0449\u0435\u043d\u0438\u0435 \u0438 \u043f\u0440\u0435\u043a\u0440\u0430\u0441\u043d\u043e \u0432\u043f\u0438\u0448\u0435\u0442\u0441\u044f \u0432 \u043b\u044e\u0431\u043e\u0439 \u0438\u043d\u0442\u0435\u0440\u044c\u0435\u0440, \u0435\u0435 \u043b\u0435\u0433\u043a\u043e \u043f\u0435\u0440\u0435\u043d\u0435\u0441\u0442\u0438 \u043f\u0440\u0438 \u043d\u0435\u043e\u0431\u0445\u043e\u0434\u0438\u043c\u043e\u0441\u0442\u0438.", "price": "36.90", "quantity": 123, "is_active": true}}, {"model": "mainapp.product", "pk": 21, "fields": {"category": 3, "name": "\u0427\u0430\u0439\u043d\u0438\u043a \u0430\u0440\u0442.703.726.19", "image": "products_images/slider3.jpg", "short_desc": "\u0427\u0430\u0439\u043d\u0438\u043a \u0437\u0430\u0432\u0430\u0440\u043e\u0447\u043d\u044b\u0439", "description": "\u041a\u043e\u043d\u0435\u0447\u043d\u043e, \u0436\u0438\u0437\u043d\u044c \u0441\u043e\u0441\u0442\u043e\u0438\u0442 \u043d\u0435 \u0442\u043e\u043b\u044c\u043a\u043e \u0438\u0437 \u043f\u0440\u0430\u0437\u0434\u043d\u0438\u043a\u043e\u0432. \u041d\u043e \u043f\u043e\u0447\u0435\u043c\u0443 \u0431\u044b \u043d\u0435 \u043f\u043e\u0434\u0430\u0432\u0430\u0442\u044c \u0445\u043e\u0440\u043e\u0448\u0443\u044e \u0435\u0434\u0443 \u0438 \u043d\u0430\u043f\u0438\u0442\u043a\u0438 \u0432 \u043a\u0440\u0430\u0441\u0438\u0432\u043e\u0439 \u0441\u0442\u0438\u043b\u044c\u043d\u043e\u0439 \u043f\u043e\u0441\u0443\u0434\u0435 \u043a\u0430\u0436\u0434\u044b\u0439 \u0434\u0435\u043d\u044c? \u041d\u0430\u043f\u0440\u0438\u043c\u0435\u0440, \u0432 \u043f\u043e\u0441\u0443\u0434\u0435 \u044d\u0442\u043e\u0439 \u0441\u0435\u0440\u0438\u0438.", "price": "656.00", "quantity": 564, "is_active": true}}, {"model": "mainapp.product", "pk": 22, "fields": {"category": 3, "name": "\u0415\u041b\u041e\u041c\u041d\u0418\u041d\u0413", "image": "products_images/blomning-banka-dlya-kofe-chaya-70373204.jpg", "short_desc": "\u0411\u0430\u043d\u043a\u0430 \u0434\u043b\u044f \u043a\u043e\u0444\u0435/\u0447\u0430\u044f, 11x7x20 \u0441\u043c", "description": "\u041a\u043e\u043d\u0435\u0447\u043d\u043e, \u0436\u0438\u0437\u043d\u044c \u0441\u043e\u0441\u0442\u043e\u0438\u0442 \u043d\u0435 \u0442\u043e\u043b\u044c\u043a\u043e \u0438\u0437 \u043f\u0440\u0430\u0437\u0434\u043d\u0438\u043a\u043e\u0432. \u041d\u043e \u043f\u043e\u0447\u0435\u043c\u0443 \u0431\u044b \u043d\u0435 \u043f\u043e\u0434\u0430\u0432\u0430\u0442\u044c \u0445\u043e\u0440\u043e\u0448\u0443\u044e \u0435\u0434\u0443 \u0438 \u043d\u0430\u043f\u0438\u0442\u043a\u0438 \u0432 \u043a\u0440\u0430\u0441\u0438\u0432\u043e\u0439 \u0441\u0442\u0438\u043b\u044c\u043d\u043e\u0439 \u043f\u043e\u0441\u0443\u0434\u0435 \u043a\u0430\u0436\u0434\u044b\u0439 \u0434\u0435\u043d\u044c? \u041d\u0430\u043f\u0440\u0438\u043c\u0435\u0440, \u0432 \u043f\u043e\u0441\u0443\u0434\u0435 \u044d\u0442\u043e\u0439 \u0441\u0435\u0440\u0438\u0438.", "price": "329.00", "quantity": 564, "is_active": true}}, {"model": "mainapp.product", "pk": 23, "fields": {"category": 3, "name": "\u0422\u0420\u041e\u0414\u041b\u0401\u0421", "image": "products_images/trodlyos-lozhka-d-meda-i-mernaya-lozhka-d-chaya-latun-50360250.jpg", "short_desc": "\u041b\u043e\u0436\u043a\u0430 \u0434\u043b\u044f \u043c\u0435\u0434\u0430 \u0438 \u043c\u0435\u0440\u043d\u0430\u044f \u043b\u043e\u0436\u043a\u0430 \u0434\u043b\u044f \u0447\u0430\u044f, \u043b\u0430\u0442\u0443\u043d\u044c", "description": "\u041a\u043e\u043d\u0435\u0447\u043d\u043e, \u0436\u0438\u0437\u043d\u044c \u0441\u043e\u0441\u0442\u043e\u0438\u0442 \u043d\u0435 \u0442\u043e\u043b\u044c\u043a\u043e \u0438\u0437 \u043f\u0440\u0430\u0437\u0434\u043d\u0438\u043a\u043e\u0432. \u041d\u043e \u043f\u043e\u0447\u0435\u043c\u0443 \u0431\u044b \u043d\u0435 \u043f\u043e\u0434\u0430\u0432\u0430\u0442\u044c \u0445\u043e\u0440\u043e\u0448\u0443\u044e \u0435\u0434\u0443 \u0438 \u043d\u0430\u043f\u0438\u0442\u043a\u0438 \u0432 \u043a\u0440\u0430\u0441\u0438\u0432\u043e\u0439 \u0441\u0442\u0438\u043b\u044c\u043d\u043e\u0439 \u043f\u043e\u0441\u0443\u0434\u0435 \u043a\u0430\u0436\u0434\u044b\u0439 \u0434\u0435\u043d\u044c? \u041d\u0430\u043f\u0440\u0438\u043c\u0435\u0440, \u0432 \u043f\u043e\u0441\u0443\u0434\u0435 \u044d\u0442\u043e\u0439 \u0441\u0435\u0440\u0438\u0438.", "price": "199.00", "quantity": 563, "is_active": true}}, {"model": "mainapp.product", "pk": 24, "fields": {"category": 3, "name": "\u0418\u0414\u0415\u0410\u041b\u0418\u0421\u041a", "image": "products_images/idealisk-sitechko-nerzhaveyushch-stal-40378241.jpg", "short_desc": "\u0421\u0438\u0442\u0435\u0447\u043a\u043e, \u043d\u0435\u0440\u0436\u0430\u0432\u0435\u044e\u0449 \u0441\u0442\u0430\u043b\u044c", "description": "\u0421\u0438\u0442\u0435\u0447\u043a\u043e, \u043d\u0435\u0440\u0436\u0430\u0432\u0435\u044e\u0449 \u0441\u0442\u0430\u043b\u044c. \u0418\u0434\u0435\u0430\u043b\u044c\u043d\u043e \u043f\u043e\u0434\u0445\u043e\u0434\u0438\u0442 \u043a \u0447\u0430\u0439\u043d\u044b\u043c \u043d\u0430\u0431\u043e\u0440\u0430\u043c", "price": "59.00", "quantity": 24, "is_active": true}}, {"model": "mainapp.product", "pk": 25, "fields": {"category": 3, "name": "\u0412\u0410\u0420\u0414\u0410\u0413\u0415\u041d", "image": "products_images/vardagen-molochnik-slivochnik-belyy-s-ottenkom-60381025.jpg", "short_desc": "\u041c\u043e\u043b\u043e\u0447\u043d\u0438\u043a/\u0441\u043b\u0438\u0432\u043e\u0447\u043d\u0438\u043a, \u0431\u0435\u043b\u044b\u0439 \u0441 \u043e\u0442\u0442\u0435\u043d\u043a\u043e\u043c, 39 \u0441\u043b", "description": "\u041a\u043e\u043d\u0435\u0447\u043d\u043e, \u0436\u0438\u0437\u043d\u044c \u0441\u043e\u0441\u0442\u043e\u0438\u0442 \u043d\u0435 \u0442\u043e\u043b\u044c\u043a\u043e \u0438\u0437 \u043f\u0440\u0430\u0437\u0434\u043d\u0438\u043a\u043e\u0432. \u041d\u043e \u043f\u043e\u0447\u0435\u043c\u0443 \u0431\u044b \u043d\u0435 \u043f\u043e\u0434\u0430\u0432\u0430\u0442\u044c \u0445\u043e\u0440\u043e\u0448\u0443\u044e \u0435\u0434\u0443 \u0438 \u043d\u0430\u043f\u0438\u0442\u043a\u0438 \u0432 \u043a\u0440\u0430\u0441\u0438\u0432\u043e\u0439 \u0441\u0442\u0438\u043b\u044c\u043d\u043e\u0439 \u043f\u043e\u0441\u0443\u0434\u0435 \u043a\u0430\u0436\u0434\u044b\u0439 \u0434\u0435\u043d\u044c?", "price": "299.00", "quantity": 24, "is_active": true}}, {"model": "mainapp.product", "pk": 26, "fields": {"category": 3, "name": "\u0423\u041f\u0425\u0415\u0422\u0422\u0410", "image": "products_images/uphetta-kofe-press-zavarochnyy-chaynik-steklo-nerzhaveyushch-stal-90372185.jpg", "short_desc": "\u041a\u043e\u0444\u0435-\u043f\u0440\u0435\u0441\u0441/\u0437\u0430\u0432\u0430\u0440\u043e\u0447\u043d\u044b\u0439 \u0447\u0430\u0439\u043d\u0438\u043a, \u0441\u0442\u0435\u043a\u043b\u043e, \u043d\u0435\u0440\u0436\u0430\u0432\u0435\u044e\u0449 \u0441\u0442\u0430\u043b\u044c, 1 \u043b", "description": "\u041a\u043e\u0444\u0435-\u043f\u0440\u0435\u0441\u0441/\u0437\u0430\u0432\u0430\u0440\u043e\u0447\u043d\u044b\u0439 \u0447\u0430\u0439\u043d\u0438\u043a, \u0441\u0442\u0435\u043a\u043b\u043e, \u043d\u0435\u0440\u0436\u0430\u0432\u0435\u044e\u0449 \u0441\u0442\u0430\u043b\u044c, 1 \u043b", "price": "599.00", "quantity": 24, "is_active": true}}, {"model": "mainapp.product", "pk": 27, "fields": {"category": 3, "name": "\u0420\u0418\u041a\u041b\u0418\u0413", "image": "products_images/riklig-chaynik-zavarochnyy-steklo-20372179.jpg", "short_desc": "\u0427\u0430\u0439\u043d\u0438\u043a \u0437\u0430\u0432\u0430\u0440\u043e\u0447\u043d\u044b\u0439, \u0441\u0442\u0435\u043a\u043b\u043e, 1.5 \u043b", "description": "\u0427\u0430\u0439\u043d\u0438\u043a \u0437\u0430\u0432\u0430\u0440\u043e\u0447\u043d\u044b\u0439, \u0441\u0442\u0435\u043a\u043b\u043e, 1.5 \u043b", "price": "549.00", "quantity": 24, "is_active": true}}, {"model": "mainapp.product", "pk": 28, "fields": {"category": 3, "name": "\u0420\u0418\u041a\u041b\u0418\u0413", "image": "products_images/riklig-chaynik-zavarochnyy-steklo-40381093.jpg", "short_desc": "\u0427\u0430\u0439\u043d\u0438\u043a \u0437\u0430\u0432\u0430\u0440\u043e\u0447\u043d\u044b\u0439, \u0441\u0442\u0435\u043a\u043b\u043e, 0.6 \u043b", "description": "\u0427\u0430\u0439\u043d\u0438\u043a \u0437\u0430\u0432\u0430\u0440\u043e\u0447\u043d\u044b\u0439, \u0441\u0442\u0435\u043a\u043b\u043e, 0.6 \u043b", "price": "59.00", "quantity": 24, "is_active": true}}, {"model": "mainapp.product", "pk": 29, "fields": {"category": 3, "name": "\u0411\u041b\u041e\u041c\u041d\u0418\u041d\u0413", "image": "products_images/blomning-banka-dlya-kofe-chaya-90373203.jpg", "short_desc": "\u0411\u0430\u043d\u043a\u0430 \u0434\u043b\u044f \u043a\u043e\u0444\u0435/\u0447\u0430\u044f, 10x10x10 \u0441\u043c", "description": "\u0421\u0438\u0442\u0435\u0447\u043a\u043e, \u043d\u0435\u0440\u0436\u0430\u0432\u0435\u044e\u0449 \u0441\u0442\u0430\u043b\u044c. \u0418\u0434\u0435\u0430\u043b\u044c\u043d\u043e \u043f\u043e\u0434\u0445\u043e\u0434\u0438\u0442 \u043a \u0447\u0430\u0439\u043d\u044b\u043c \u043d\u0430\u0431\u043e\u0440\u0430\u043c", "price": "59.00", "quantity": 24, "is_active": true}}, {"model": "mainapp.product", "pk": 30, "fields": {"category": 3, "name": "\u042d\u0413\u0415\u041d\u0422\u041b\u0418\u0413", "image": "products_images/egentlig-kofe-press-zavarochnyy-chaynik-dvusloynye-stenki-prozrachnoe-steklo-70358977.jpg", "short_desc": "\u041a\u043e\u0444\u0435-\u043f\u0440\u0435\u0441\u0441/\u0437\u0430\u0432\u0430\u0440\u043e\u0447\u043d\u044b\u0439 \u0447\u0430\u0439\u043d\u0438\u043a, \u0434\u0432\u0443\u0441\u043b\u043e\u0439\u043d\u044b\u0435 \u0441\u0442\u0435\u043d\u043a\u0438, \u043f\u0440\u043e\u0437\u0440\u0430\u0447\u043d\u043e\u0435 \u0441\u0442\u0435\u043a\u043b\u043e, 0.9 \u043b", "description": "\u041a\u043e\u0444\u0435-\u043f\u0440\u0435\u0441\u0441/\u0437\u0430\u0432\u0430\u0440\u043e\u0447\u043d\u044b\u0439 \u0447\u0430\u0439\u043d\u0438\u043a, \u0434\u0432\u0443\u0441\u043b\u043e\u0439\u043d\u044b\u0435 \u0441\u0442\u0435\u043d\u043a\u0438, \u043f\u0440\u043e\u0437\u0440\u0430\u0447\u043d\u043e\u0435 \u0441\u0442\u0435\u043a\u043b\u043e, 0.9 \u043b", "price": "1499.00", "quantity": 24, "is_active": true}}, {"model": "mainapp.product", "pk": 31, "fields": {"category": 4, "name": "\u0411\u0420\u0418\u0421\u0421\u0423\u041d\u0414", "image": "products_images/brissund-3-mestnyy-divan-krovat-rudorna-temno-seryy-20447288.jpg", "short_desc": "3-\u043c\u0435\u0441\u0442\u043d\u044b\u0439 \u0434\u0438\u0432\u0430\u043d-\u043a\u0440\u043e\u0432\u0430\u0442\u044c, \u0420\u0443\u0434\u043e\u0440\u043d\u0430 \u0442\u0435\u043c\u043d\u043e-\u0441\u0435\u0440\u044b\u0439", "description": "\u041f\u043e\u0441\u043b\u0435 \u043a\u043e\u043c\u0444\u043e\u0440\u0442\u043d\u043e\u0433\u043e \u043d\u043e\u0447\u043d\u043e\u0433\u043e \u0441\u043d\u0430 \u0432\u0430\u0448\u0430 \u0441\u043f\u0430\u043b\u044c\u043d\u044f \u0438\u043b\u0438 \u043a\u043e\u043c\u043d\u0430\u0442\u0430 \u0434\u043b\u044f \u0433\u043e\u0441\u0442\u0435\u0439 \u043c\u043e\u0436\u0435\u0442 \u043b\u0435\u0433\u043a\u043e \u043f\u0440\u0435\u0432\u0440\u0430\u0442\u0438\u0442\u044c\u0441\u044f \u0432 \u0433\u043e\u0441\u0442\u0438\u043d\u0443\u044e. \u0412 \u043e\u0442\u0434\u0435\u043b\u0435\u043d\u0438\u0438 \u0434\u043b\u044f \u0445\u0440\u0430\u043d\u0435\u043d\u0438\u044f \u044d\u0442\u043e\u0433\u043e \u0434\u0438\u0432\u0430\u043d\u0430 \u0434\u043e\u0441\u0442\u0430\u0442\u043e\u0447\u043d\u043e \u043c\u0435\u0441\u0442\u0430, \u0447\u0442\u043e\u0431\u044b \u0443\u0431\u0440\u0430\u0442\u044c \u043f\u043e\u0441\u0442\u0435\u043b\u044c\u043d\u044b\u0435 \u043f\u0440\u0438\u043d\u0430\u0434\u043b\u0435\u0436\u043d\u043e\u0441\u0442\u0438 \u0438 \u043f\u0438\u0436\u0430\u043c\u044b.", "price": "17999.00", "quantity": 23, "is_active": true}}, {"model": "mainapp.product", "pk": 32, "fields": {"category": 4, "name": "\u041a\u0440\u0435\u0441\u043b\u043e \u0430\u0440\u0442.904.241.27", "image": "products_images/slider4.jpg", "short_desc": "\u0413\u0443\u043d\u043d\u0430\u0440\u0435\u0434 \u0442\u0435\u043c\u043d\u043e-\u0441\u0435\u0440\u044b\u0439", "description": "\u0411\u043b\u0430\u0433\u043e\u0434\u0430\u0440\u044f \u044d\u043b\u0435\u0433\u0430\u043d\u0442\u043e\u043c\u0443 \u0434\u0438\u0437\u0430\u0439\u043d\u0443 \u043a\u0440\u0435\u0441\u043b\u043e \u0433\u0430\u0440\u043c\u043e\u043d\u0438\u0447\u043d\u043e \u0432\u043f\u0438\u0448\u0435\u0442\u0441\u044f \u0432 \u043b\u044e\u0431\u043e\u0439 \u0438\u043d\u0442\u0435\u0440\u044c\u0435\u0440.", "price": "16564.00", "quantity": 23, "is_active": true}}, {"model": "mainapp.product", "pk": 33, "fields": {"category": 4, "name": "\u0413\u0420\u042d\u041b\u041b\u042c\u0421\u0422\u0410", "image": "products_images/grellsta-2-mestnyy-divan-krovat-sandsbru-oranzhevyy-40448442.jpg", "short_desc": "2-\u043c\u0435\u0441\u0442\u043d\u044b\u0439 \u0434\u0438\u0432\u0430\u043d-\u043a\u0440\u043e\u0432\u0430\u0442\u044c, \u0421\u0430\u043d\u0434\u0441\u0431\u0440\u0443 \u043e\u0440\u0430\u043d\u0436\u0435\u0432\u044b\u0439", "description": "\u0411\u043b\u0430\u0433\u043e\u0434\u0430\u0440\u044f \u044d\u043b\u0435\u0433\u0430\u043d\u0442\u043e\u043c\u0443 \u0434\u0438\u0437\u0430\u0439\u043d\u0443 \u043a\u0440\u0435\u0441\u043b\u043e \u0433\u0430\u0440\u043c\u043e\u043d\u0438\u0447\u043d\u043e \u0432\u043f\u0438\u0448\u0435\u0442\u0441\u044f \u0432 \u043b\u044e\u0431\u043e\u0439 \u0438\u043d\u0442\u0435\u0440\u044c\u0435\u0440.", "price": "16564.00", "quantity": 23, "is_active": true}}, {"model": "mainapp.product", "pk": 34, "fields": {"category": 4, "name": "\u0421\u0412\u042d\u041d\u0421\u0422\u0410", "image": "products_images/svensta-2-mestnyy-divan-krovat-chernyy-20446161.jpg", "short_desc": "2-\u043c\u0435\u0441\u0442\u043d\u044b\u0439 \u0434\u0438\u0432\u0430\u043d-\u043a\u0440\u043e\u0432\u0430\u0442\u044c, \u0447\u0435\u0440\u043d\u044b\u0439", "description": "\u041f\u043e\u0441\u043b\u0435 \u043a\u043e\u043c\u0444\u043e\u0440\u0442\u043d\u043e\u0433\u043e \u043d\u043e\u0447\u043d\u043e\u0433\u043e \u0441\u043d\u0430 \u0432\u0430\u0448\u0430 \u0441\u043f\u0430\u043b\u044c\u043d\u044f \u0438\u043b\u0438 \u043a\u043e\u043c\u043d\u0430\u0442\u0430 \u0434\u043b\u044f \u0433\u043e\u0441\u0442\u0435\u0439 \u043c\u043e\u0436\u0435\u0442 \u043b\u0435\u0433\u043a\u043e \u043f\u0440\u0435\u0432\u0440\u0430\u0442\u0438\u0442\u044c\u0441\u044f \u0432 \u0433\u043e\u0441\u0442\u0438\u043d\u0443\u044e. \u0412 \u043e\u0442\u0434\u0435\u043b\u0435\u043d\u0438\u0438 \u0434\u043b\u044f \u0445\u0440\u0430\u043d\u0435\u043d\u0438\u044f \u044d\u0442\u043e\u0433\u043e \u0434\u0438\u0432\u0430\u043d\u0430 \u0434\u043e\u0441\u0442\u0430\u0442\u043e\u0447\u043d\u043e \u043c\u0435\u0441\u0442\u0430, \u0447\u0442\u043e\u0431\u044b \u0443\u0431\u0440\u0430\u0442\u044c \u043f\u043e\u0441\u0442\u0435\u043b\u044c\u043d\u044b\u0435 \u043f\u0440\u0438\u043d\u0430\u0434\u043b\u0435\u0436\u043d\u043e\u0441\u0442\u0438 \u0438 \u043f\u0438\u0436\u0430\u043c\u044b.", "price": "4999.00", "quantity": 24, "is_active": true}}, {"model": "mainapp.product", "pk": 35, "fields": {"category": 4, "name": "\u0410\u0413\u0415\u041d", "image": "products_images/agen-kreslo-rotang-bambuk-90388313.jpg", "short_desc": "\u041a\u0440\u0435\u0441\u043b\u043e, \u0440\u043e\u0442\u0430\u043d\u0433, \u0431\u0430\u043c\u0431\u0443\u043a", "description": "\u0411\u043b\u0430\u0433\u043e\u0434\u0430\u0440\u044f \u044d\u043b\u0435\u0433\u0430\u043d\u0442\u043e\u043c\u0443 \u0434\u0438\u0437\u0430\u0439\u043d\u0443 \u043a\u0440\u0435\u0441\u043b\u043e \u0433\u0430\u0440\u043c\u043e\u043d\u0438\u0447\u043d\u043e \u0432\u043f\u0438\u0448\u0435\u0442\u0441\u044f \u0432 \u043b\u044e\u0431\u043e\u0439 \u0438\u043d\u0442\u0435\u0440\u044c\u0435\u0440.", "price": "3999.00", "quantity": 24, "is_active": true}}, {"model": "mainapp.product", "pk": 36, "fields": {"category": 4, "name": "\u0424\u0410\u041d\u0411\u042e\u041d", "image": "products_images/fanbyun-legkoe-kreslo-belyy-s09275306.jpg", "short_desc": "\u041b\u0435\u0433\u043a\u043e\u0435 \u043a\u0440\u0435\u0441\u043b\u043e, \u0431\u0435\u043b\u044b\u0439", "description": "\u0411\u043b\u0430\u0433\u043e\u0434\u0430\u0440\u044f \u044d\u043b\u0435\u0433\u0430\u043d\u0442\u043e\u043c\u0443 \u0434\u0438\u0437\u0430\u0439\u043d\u0443 \u043a\u0440\u0435\u0441\u043b\u043e \u0433\u0430\u0440\u043c\u043e\u043d\u0438\u0447\u043d\u043e \u0432\u043f\u0438\u0448\u0435\u0442\u0441\u044f \u0432 \u043b\u044e\u0431\u043e\u0439 \u0438\u043d\u0442\u0435\u0440\u044c\u0435\u0440.", "price": "4999.00", "quantity": 24, "is_active": true}}, {"model": "mainapp.product", "pk": 37, "fields": {"category": 4, "name": "\u0412\u0410\u0422\u0422\u0412\u0418\u041a\u0415\u041d", "image": "products_images/vattviken-kreslo-krovat-lerhaga-svetlo-seryy-80450796.jpg", "short_desc": "\u041a\u0440\u0435\u0441\u043b\u043e-\u043a\u0440\u043e\u0432\u0430\u0442\u044c, \u043b\u0435\u0440\u0445\u0430\u0433\u0430 \u0441\u0432\u0435\u0442\u043b\u043e-\u0441\u0435\u0440\u044b\u0439", "description": "\u0411\u043b\u0430\u0433\u043e\u0434\u0430\u0440\u044f \u044d\u043b\u0435\u0433\u0430\u043d\u0442\u043e\u043c\u0443 \u0434\u0438\u0437\u0430\u0439\u043d\u0443 \u043a\u0440\u0435\u0441\u043b\u043e \u0433\u0430\u0440\u043c\u043e\u043d\u0438\u0447\u043d\u043e \u0432\u043f\u0438\u0448\u0435\u0442\u0441\u044f \u0432 \u043b\u044e\u0431\u043e\u0439 \u0438\u043d\u0442\u0435\u0440\u044c\u0435\u0440.", "price": "14999.00", "quantity": 24, "is_active": true}}, {"model": "mainapp.product", "pk": 38, "fields": {"category": 4, "name": "\u0418\u041a\u0415\u0410 \u041f\u0421 \u041b\u0401\u041c\u0421\u041a", "image": "products_images/ikea-ps-lyomsk-vrashchayushcheesya-kreslo-belyy-krasnyy-70407138.jpg", "short_desc": "\u0412\u0440\u0430\u0449\u0430\u044e\u0449\u0435\u0435\u0441\u044f \u043a\u0440\u0435\u0441\u043b\u043e, \u0431\u0435\u043b\u044b\u0439, \u043a\u0440\u0430\u0441\u043d\u044b\u0439", "description": "\u041a\u0430\u043a \u043d\u0430 \u043a\u0430\u0440\u0443\u0441\u0435\u043b\u0438! \u0420\u0435\u0431\u0435\u043d\u043e\u043a \u0441\u0430\u043c \u0437\u0430\u0434\u0430\u0435\u0442 \u0442\u0435\u043c\u043f \u0432\u0440\u0430\u0449\u0435\u043d\u0438\u044f: \u043c\u0435\u0434\u043b\u0435\u043d\u043d\u043e\u0435 \u043f\u043e\u043c\u043e\u0433\u0430\u0435\u0442 \u0440\u0430\u0441\u0441\u043b\u0430\u0431\u0438\u0442\u044c\u0441\u044f, \u0430 \u0431\u044b\u0441\u0442\u0440\u043e\u0435 \u0440\u0430\u0437\u0432\u0438\u0432\u0430\u0435\u0442 \u0447\u0443\u0432\u0441\u0442\u0432\u043e \u0440\u0430\u0432\u043d\u043e\u0432\u0435\u0441\u0438\u044f. \u0410 \u0435\u0441\u043b\u0438 \u043e\u043f\u0443\u0441\u0442\u0438\u0442\u044c \u0442\u0435\u043d\u0442, \u0442\u043e \u043f\u043e\u043b\u0443\u0447\u0438\u0442\u0441\u044f \u0443\u043a\u0440\u043e\u043c\u043d\u043e\u0435 \u043c\u0435\u0441\u0442\u043e, \u0433\u0434\u0435 \u043c\u043e\u0436\u043d\u043e \u0441\u043f\u0440\u044f\u0442\u0430\u0442\u044c\u0441\u044f.", "price": "5999.00", "quantity": 24, "is_active": true}}, {"model": "mainapp.product", "pk": 39, "fields": {"category": 4, "name": "\u041f\u041e\u042d\u041d\u0413", "image": "products_images/poeng-kreslo-berezovyy-shpon-shiftebu-bezhevyy-s99302796.jpg", "short_desc": "\u041a\u0440\u0435\u0441\u043b\u043e, \u0431\u0435\u0440\u0435\u0437\u043e\u0432\u044b\u0439 \u0448\u043f\u043e\u043d, \u0428\u0438\u0444\u0442\u0435\u0431\u0443 \u0431\u0435\u0436\u0435\u0432\u044b\u0439", "description": "\u0411\u043b\u0430\u0433\u043e\u0434\u0430\u0440\u044f \u044d\u043b\u0435\u0433\u0430\u043d\u0442\u043e\u043c\u0443 \u0434\u0438\u0437\u0430\u0439\u043d\u0443 \u043a\u0440\u0435\u0441\u043b\u043e \u0433\u0430\u0440\u043c\u043e\u043d\u0438\u0447\u043d\u043e \u0432\u043f\u0438\u0448\u0435\u0442\u0441\u044f \u0432 \u043b\u044e\u0431\u043e\u0439 \u0438\u043d\u0442\u0435\u0440\u044c\u0435\u0440.", "price": "6999.00", "quantity": 24, "is_active": true}}, {"model": "mainapp.product", "pk": 40, "fields": {"category": 4, "name": "\u0421\u0422\u0420\u0410\u041d\u0414\u041c\u041e\u041d", "image": "products_images/strandmon-kreslo-s-podgolovnikom-shiftebu-zheltyy-80419942.jpg", "short_desc": "\u041a\u0440\u0435\u0441\u043b\u043e \u0441 \u043f\u043e\u0434\u0433\u043e\u043b\u043e\u0432\u043d\u0438\u043a\u043e\u043c, \u0428\u0438\u0444\u0442\u0435\u0431\u0443 \u0436\u0435\u043b\u0442\u044b\u0439", "description": "\u041d\u043e\u0432\u0430\u044f \u0436\u0438\u0437\u043d\u044c \u0441\u0442\u0430\u0440\u043e\u0433\u043e \u0434\u0440\u0443\u0433\u0430. \u0412\u043f\u0435\u0440\u0432\u044b\u0435 \u043c\u044b \u043f\u0440\u0435\u0434\u0441\u0442\u0430\u0432\u0438\u043b\u0438 \u044d\u0442\u043e \u043a\u0440\u0435\u0441\u043b\u043e \u043f\u043e\u043a\u0443\u043f\u0430\u0442\u0435\u043b\u044f\u043c \u0432 1950-\u0445 \u0433\u043e\u0434\u0430\u0445. \u0421\u043f\u0443\u0441\u0442\u044f 60 \u043b\u0435\u0442 \u043e\u043d\u043e \u0441\u043d\u043e\u0432\u0430 \u0432 \u043d\u0430\u0448\u0435\u043c \u0430\u0441\u0441\u043e\u0440\u0442\u0438\u043c\u0435\u043d\u0442\u0435 \u0438 \u043d\u0438\u0447\u0443\u0442\u044c \u043d\u0435 \u0443\u0441\u0442\u0443\u043f\u0430\u0435\u0442 \u0441\u0432\u043e\u0435\u043c\u0443 \u043f\u0440\u0435\u0434\u0448\u0435\u0441\u0442\u0432\u0435\u043d\u043d\u0438\u043a\u0443 \u0432 \u043a\u043e\u043c\u0444\u043e\u0440\u0442\u0435 \u0438 \u043f\u0440\u0438\u0432\u043b\u0435\u043a\u0430\u0442\u0435\u043b\u044c\u043d\u043e\u0441\u0442\u0438.", "price": "12999.00", "quantity": 24, "is_active": true}}, {"model": "authapp.shopuser", "pk": 1, "fields": {"password": "pbkdf2_sha256$150000$qb0rS2UAqyLO$kZe57k6hCsX/TkPaRGXOVgluUpLFQZv4Lw056Kkb5oY=", "last_login": "2020-05-28T16:06:32.428Z", "is_superuser": true, "username": "django", "first_name": "", "last_name": "", "email": "django@django.com", "is_staff": true, "date_joined": "2020-05-18T19:47:20.553Z", "avatar": "", "age": 36, "is_active": true, "activation_key": "", "activation_key_expires": "2020-05-20T19:47:20.345Z", "groups": [], "user_permissions": []}}, {"model": "basketapp.basket", "pk": 2, "fields": {"user": 1, "product": 16, "quantity": 2, "add_datetime": "2020-05-20T09:52:10.808Z"}}, {"model": "basketapp.basket", "pk": 3, "fields": {"user": 1, "product": 31, "quantity": 1, "add_datetime": "2020-05-20T09:54:26.728Z"}}, {"model": "basketapp.basket", "pk": 4, "fields": {"user": 1, "product": 13, "quantity": 1, "add_datetime": "2020-05-20T10:00:53.448Z"}}, {"model": "ordersapp.order", "pk": 2, "fields": {"user": 1, "created": "2020-05-19T17:55:46.988Z", "updated": "2020-05-19T17:55:46.988Z", "status": "FM", "is_active": true}}, {"model": "ordersapp.order", "pk": 3, "fields": {"user": 1, "created": "2020-05-20T09:36:44.592Z", "updated": "2020-05-20T09:36:44.592Z", "status": "FM", "is_active": true}}, {"model": "ordersapp.orderitem", "pk": 2, "fields": {"order": 2, "product": 33, "quantity": 1}}, {"model": "ordersapp.orderitem", "pk": 3, "fields": {"order": 2, "product": 17, "quantity": 1}}, {"model": "ordersapp.orderitem", "pk": 4, "fields": {"order": 2, "product": 9, "quantity": 1}}, {"model": "ordersapp.orderitem", "pk": 5, "fields": {"order": 2, "product": 23, "quantity": 1}}, {"model": "ordersapp.orderitem", "pk": 6, "fields": {"order": 2, "product": 32, "quantity": 1}}, {"model": "ordersapp.orderitem", "pk": 7, "fields": {"order": 3, "product": 14, "quantity": 1}}]